"","地區","year","cancer","RATE"
"1","嘉義市東區",2004,"白血病",29.75
"2","嘉義市西區",2004,"白血病",23.27
"3","嘉義縣阿里山鄉",2004,"白血病",0
"4","嘉義縣布袋鎮",2004,"白血病",18.3
"5","嘉義縣大埔鄉",2004,"白血病",0
"6","嘉義縣大林鎮",2004,"白血病",38.4
"7","嘉義縣東石鄉",2004,"白血病",38.74
"8","嘉義縣番路鄉",2004,"白血病",54.53
"9","嘉義縣六腳鄉",2004,"白血病",0
"10","嘉義縣鹿草鄉",2004,"白血病",63.48
"11","嘉義縣梅山鄉",2004,"白血病",25.69
"12","嘉義縣民雄鄉",2004,"白血病",35.82
"13","嘉義縣朴子市",2004,"白血病",0
"14","嘉義縣水上鄉",2004,"白血病",31.63
"15","嘉義縣太保市",2004,"白血病",0
"16","嘉義縣溪口鄉",2004,"白血病",0
"17","嘉義縣中埔鄉",2004,"白血病",0
"18","嘉義縣新港鄉",2004,"白血病",38.85
"19","嘉義縣義竹鄉",2004,"白血病",0
"20","嘉義縣竹崎鄉",2004,"白血病",0
"21","嘉義市東區",2004,"膀胱",21.72
"22","嘉義市西區",2004,"膀胱",45.73
"23","嘉義縣阿里山鄉",2004,"膀胱",0
"24","嘉義縣布袋鎮",2004,"膀胱",189.92
"25","嘉義縣大埔鄉",2004,"膀胱",225.46
"26","嘉義縣大林鎮",2004,"膀胱",49.4
"27","嘉義縣東石鄉",2004,"膀胱",18.23
"28","嘉義縣番路鄉",2004,"膀胱",54.53
"29","嘉義縣六腳鄉",2004,"膀胱",141.66
"30","嘉義縣鹿草鄉",2004,"膀胱",112.7
"31","嘉義縣梅山鄉",2004,"膀胱",25.5
"32","嘉義縣民雄鄉",2004,"膀胱",39.81
"33","嘉義縣朴子市",2004,"膀胱",81.16
"34","嘉義縣水上鄉",2004,"膀胱",33.36
"35","嘉義縣太保市",2004,"膀胱",87.19
"36","嘉義縣溪口鄉",2004,"膀胱",70.17
"37","嘉義縣中埔鄉",2004,"膀胱",116.36
"38","嘉義縣新港鄉",2004,"膀胱",34.87
"39","嘉義縣義竹鄉",2004,"膀胱",190.4
"40","嘉義縣竹崎鄉",2004,"膀胱",93.22
"41","嘉義市東區",2004,"非何杰金氏淋巴瘤",21.36
"42","嘉義市西區",2004,"非何杰金氏淋巴瘤",39.99
"43","嘉義縣阿里山鄉",2004,"非何杰金氏淋巴瘤",110.2
"44","嘉義縣布袋鎮",2004,"非何杰金氏淋巴瘤",60.57
"45","嘉義縣大埔鄉",2004,"非何杰金氏淋巴瘤",0
"46","嘉義縣大林鎮",2004,"非何杰金氏淋巴瘤",16.12
"47","嘉義縣東石鄉",2004,"非何杰金氏淋巴瘤",33.8
"48","嘉義縣番路鄉",2004,"非何杰金氏淋巴瘤",0
"49","嘉義縣六腳鄉",2004,"非何杰金氏淋巴瘤",48.21
"50","嘉義縣鹿草鄉",2004,"非何杰金氏淋巴瘤",52.4
"51","嘉義縣梅山鄉",2004,"非何杰金氏淋巴瘤",28.81
"52","嘉義縣民雄鄉",2004,"非何杰金氏淋巴瘤",14.4
"53","嘉義縣朴子市",2004,"非何杰金氏淋巴瘤",33.44
"54","嘉義縣水上鄉",2004,"非何杰金氏淋巴瘤",35.39
"55","嘉義縣太保市",2004,"非何杰金氏淋巴瘤",25.73
"56","嘉義縣溪口鄉",2004,"非何杰金氏淋巴瘤",35.94
"57","嘉義縣中埔鄉",2004,"非何杰金氏淋巴瘤",0
"58","嘉義縣新港鄉",2004,"非何杰金氏淋巴瘤",18.4
"59","嘉義縣義竹鄉",2004,"非何杰金氏淋巴瘤",0
"60","嘉義縣竹崎鄉",2004,"非何杰金氏淋巴瘤",16.27
"61","嘉義市東區",2004,"肺.支氣管及氣管",223.51
"62","嘉義市西區",2004,"肺.支氣管及氣管",193.11
"63","嘉義縣阿里山鄉",2004,"肺.支氣管及氣管",0
"64","嘉義縣布袋鎮",2004,"肺.支氣管及氣管",582.45
"65","嘉義縣大埔鄉",2004,"肺.支氣管及氣管",0
"66","嘉義縣大林鎮",2004,"肺.支氣管及氣管",372.83
"67","嘉義縣東石鄉",2004,"肺.支氣管及氣管",217.76
"68","嘉義縣番路鄉",2004,"肺.支氣管及氣管",248.17
"69","嘉義縣六腳鄉",2004,"肺.支氣管及氣管",315.73
"70","嘉義縣鹿草鄉",2004,"肺.支氣管及氣管",277.41
"71","嘉義縣梅山鄉",2004,"肺.支氣管及氣管",224.93
"72","嘉義縣民雄鄉",2004,"肺.支氣管及氣管",289.44
"73","嘉義縣朴子市",2004,"肺.支氣管及氣管",274.55
"74","嘉義縣水上鄉",2004,"肺.支氣管及氣管",211.76
"75","嘉義縣太保市",2004,"肺.支氣管及氣管",238.95
"76","嘉義縣溪口鄉",2004,"肺.支氣管及氣管",471.68
"77","嘉義縣中埔鄉",2004,"肺.支氣管及氣管",314.31
"78","嘉義縣新港鄉",2004,"肺.支氣管及氣管",354.66
"79","嘉義縣義竹鄉",2004,"肺.支氣管及氣管",275.79
"80","嘉義縣竹崎鄉",2004,"肺.支氣管及氣管",179.32
"81","嘉義市東區",2004,"肝及肝內膽管",355.26
"82","嘉義市西區",2004,"肝及肝內膽管",513.9
"83","嘉義縣阿里山鄉",2004,"肝及肝內膽管",138.93
"84","嘉義縣布袋鎮",2004,"肝及肝內膽管",557.04
"85","嘉義縣大埔鄉",2004,"肝及肝內膽管",225.46
"86","嘉義縣大林鎮",2004,"肝及肝內膽管",213.99
"87","嘉義縣東石鄉",2004,"肝及肝內膽管",281.85
"88","嘉義縣番路鄉",2004,"肝及肝內膽管",503.37
"89","嘉義縣六腳鄉",2004,"肝及肝內膽管",343.58
"90","嘉義縣鹿草鄉",2004,"肝及肝內膽管",265.07
"91","嘉義縣梅山鄉",2004,"肝及肝內膽管",290.02
"92","嘉義縣民雄鄉",2004,"肝及肝內膽管",213.26
"93","嘉義縣朴子市",2004,"肝及肝內膽管",178.28
"94","嘉義縣水上鄉",2004,"肝及肝內膽管",233.31
"95","嘉義縣太保市",2004,"肝及肝內膽管",293.24
"96","嘉義縣溪口鄉",2004,"肝及肝內膽管",207.37
"97","嘉義縣中埔鄉",2004,"肝及肝內膽管",450.86
"98","嘉義縣新港鄉",2004,"肝及肝內膽管",435.91
"99","嘉義縣義竹鄉",2004,"肝及肝內膽管",437.55
"100","嘉義縣竹崎鄉",2004,"肝及肝內膽管",453.49
"101","嘉義市東區",2004,"結腸",154.53
"102","嘉義市西區",2004,"結腸",219.56
"103","嘉義縣阿里山鄉",2004,"結腸",167.82
"104","嘉義縣布袋鎮",2004,"結腸",203.95
"105","嘉義縣大埔鄉",2004,"結腸",0
"106","嘉義縣大林鎮",2004,"結腸",123
"107","嘉義縣東石鄉",2004,"結腸",164.8
"108","嘉義縣番路鄉",2004,"結腸",54.53
"109","嘉義縣六腳鄉",2004,"結腸",158.84
"110","嘉義縣鹿草鄉",2004,"結腸",29.39
"111","嘉義縣梅山鄉",2004,"結腸",235.03
"112","嘉義縣民雄鄉",2004,"結腸",114.48
"113","嘉義縣朴子市",2004,"結腸",65
"114","嘉義縣水上鄉",2004,"結腸",150.66
"115","嘉義縣太保市",2004,"結腸",189.77
"116","嘉義縣溪口鄉",2004,"結腸",34.06
"117","嘉義縣中埔鄉",2004,"結腸",128.41
"118","嘉義縣新港鄉",2004,"結腸",205.62
"119","嘉義縣義竹鄉",2004,"結腸",48.01
"120","嘉義縣竹崎鄉",2004,"結腸",89.48
"121","嘉義市東區",2004,"口腔.口咽及下咽",53.88
"122","嘉義市西區",2004,"口腔.口咽及下咽",87.54
"123","嘉義縣阿里山鄉",2004,"口腔.口咽及下咽",0
"124","嘉義縣布袋鎮",2004,"口腔.口咽及下咽",58.82
"125","嘉義縣大埔鄉",2004,"口腔.口咽及下咽",242.29
"126","嘉義縣大林鎮",2004,"口腔.口咽及下咽",59.63
"127","嘉義縣東石鄉",2004,"口腔.口咽及下咽",43.89
"128","嘉義縣番路鄉",2004,"口腔.口咽及下咽",120.09
"129","嘉義縣六腳鄉",2004,"口腔.口咽及下咽",38.14
"130","嘉義縣鹿草鄉",2004,"口腔.口咽及下咽",34.1
"131","嘉義縣梅山鄉",2004,"口腔.口咽及下咽",31.95
"132","嘉義縣民雄鄉",2004,"口腔.口咽及下咽",0
"133","嘉義縣朴子市",2004,"口腔.口咽及下咽",34.21
"134","嘉義縣水上鄉",2004,"口腔.口咽及下咽",29.44
"135","嘉義縣太保市",2004,"口腔.口咽及下咽",29.91
"136","嘉義縣溪口鄉",2004,"口腔.口咽及下咽",0
"137","嘉義縣中埔鄉",2004,"口腔.口咽及下咽",19.19
"138","嘉義縣新港鄉",2004,"口腔.口咽及下咽",36.61
"139","嘉義縣義竹鄉",2004,"口腔.口咽及下咽",48.01
"140","嘉義縣竹崎鄉",2004,"口腔.口咽及下咽",53.57
"141","嘉義市東區",2004,"卵巢.輸卵管及寬韌帶",29.72
"142","嘉義市西區",2004,"卵巢.輸卵管及寬韌帶",16.07
"143","嘉義縣阿里山鄉",2004,"卵巢.輸卵管及寬韌帶",0
"144","嘉義縣布袋鎮",2004,"卵巢.輸卵管及寬韌帶",38.63
"145","嘉義縣大埔鄉",2004,"卵巢.輸卵管及寬韌帶",0
"146","嘉義縣大林鎮",2004,"卵巢.輸卵管及寬韌帶",0
"147","嘉義縣東石鄉",2004,"卵巢.輸卵管及寬韌帶",0
"148","嘉義縣番路鄉",2004,"卵巢.輸卵管及寬韌帶",0
"149","嘉義縣六腳鄉",2004,"卵巢.輸卵管及寬韌帶",0
"150","嘉義縣鹿草鄉",2004,"卵巢.輸卵管及寬韌帶",0
"151","嘉義縣梅山鄉",2004,"卵巢.輸卵管及寬韌帶",65.92
"152","嘉義縣民雄鄉",2004,"卵巢.輸卵管及寬韌帶",24.36
"153","嘉義縣朴子市",2004,"卵巢.輸卵管及寬韌帶",0
"154","嘉義縣水上鄉",2004,"卵巢.輸卵管及寬韌帶",0
"155","嘉義縣太保市",2004,"卵巢.輸卵管及寬韌帶",58.26
"156","嘉義縣溪口鄉",2004,"卵巢.輸卵管及寬韌帶",0
"157","嘉義縣中埔鄉",2004,"卵巢.輸卵管及寬韌帶",66.93
"158","嘉義縣新港鄉",2004,"卵巢.輸卵管及寬韌帶",0
"159","嘉義縣義竹鄉",2004,"卵巢.輸卵管及寬韌帶",0
"160","嘉義縣竹崎鄉",2004,"卵巢.輸卵管及寬韌帶",0
"161","嘉義市東區",2004,"女性乳房",89.16
"162","嘉義市西區",2004,"女性乳房",152.83
"163","嘉義縣阿里山鄉",2004,"女性乳房",0
"164","嘉義縣布袋鎮",2004,"女性乳房",38.63
"165","嘉義縣大埔鄉",2004,"女性乳房",425.41
"166","嘉義縣大林鎮",2004,"女性乳房",116.05
"167","嘉義縣東石鄉",2004,"女性乳房",42.15
"168","嘉義縣番路鄉",2004,"女性乳房",240.71
"169","嘉義縣六腳鄉",2004,"女性乳房",71.42
"170","嘉義縣鹿草鄉",2004,"女性乳房",0
"171","嘉義縣梅山鄉",2004,"女性乳房",0
"172","嘉義縣民雄鄉",2004,"女性乳房",73.71
"173","嘉義縣朴子市",2004,"女性乳房",73.24
"174","嘉義縣水上鄉",2004,"女性乳房",127.07
"175","嘉義縣太保市",2004,"女性乳房",58.26
"176","嘉義縣溪口鄉",2004,"女性乳房",70.9
"177","嘉義縣中埔鄉",2004,"女性乳房",69.77
"178","嘉義縣新港鄉",2004,"女性乳房",31.49
"179","嘉義縣義竹鄉",2004,"女性乳房",36.95
"180","嘉義縣竹崎鄉",2004,"女性乳房",70.6
"181","嘉義市東區",2004,"攝護腺",168.41
"182","嘉義市西區",2004,"攝護腺",132.75
"183","嘉義縣阿里山鄉",2004,"攝護腺",0
"184","嘉義縣布袋鎮",2004,"攝護腺",226.36
"185","嘉義縣大埔鄉",2004,"攝護腺",0
"186","嘉義縣大林鎮",2004,"攝護腺",137.44
"187","嘉義縣東石鄉",2004,"攝護腺",368.87
"188","嘉義縣番路鄉",2004,"攝護腺",245.68
"189","嘉義縣六腳鄉",2004,"攝護腺",243.79
"190","嘉義縣鹿草鄉",2004,"攝護腺",127.9
"191","嘉義縣梅山鄉",2004,"攝護腺",97.56
"192","嘉義縣民雄鄉",2004,"攝護腺",158.32
"193","嘉義縣朴子市",2004,"攝護腺",260.63
"194","嘉義縣水上鄉",2004,"攝護腺",268.47
"195","嘉義縣太保市",2004,"攝護腺",170.38
"196","嘉義縣溪口鄉",2004,"攝護腺",73.76
"197","嘉義縣中埔鄉",2004,"攝護腺",147.4
"198","嘉義縣新港鄉",2004,"攝護腺",282.03
"199","嘉義縣義竹鄉",2004,"攝護腺",158.17
"200","嘉義縣竹崎鄉",2004,"攝護腺",124.74
"201","嘉義市東區",2004,"食道",33.87
"202","嘉義市西區",2004,"食道",24.21
"203","嘉義縣阿里山鄉",2004,"食道",0
"204","嘉義縣布袋鎮",2004,"食道",0
"205","嘉義縣大埔鄉",2004,"食道",0
"206","嘉義縣大林鎮",2004,"食道",37.35
"207","嘉義縣東石鄉",2004,"食道",21.95
"208","嘉義縣番路鄉",2004,"食道",0
"209","嘉義縣六腳鄉",2004,"食道",0
"210","嘉義縣鹿草鄉",2004,"食道",0
"211","嘉義縣梅山鄉",2004,"食道",0
"212","嘉義縣民雄鄉",2004,"食道",14.4
"213","嘉義縣朴子市",2004,"食道",16.71
"214","嘉義縣水上鄉",2004,"食道",26.73
"215","嘉義縣太保市",2004,"食道",59.83
"216","嘉義縣溪口鄉",2004,"食道",0
"217","嘉義縣中埔鄉",2004,"食道",33.29
"218","嘉義縣新港鄉",2004,"食道",16.47
"219","嘉義縣義竹鄉",2004,"食道",0
"220","嘉義縣竹崎鄉",2004,"食道",19.63
"221","嘉義市東區",2004,"胃",95.23
"222","嘉義市西區",2004,"胃",123
"223","嘉義縣阿里山鄉",2004,"胃",145.02
"224","嘉義縣布袋鎮",2004,"胃",62.7
"225","嘉義縣大埔鄉",2004,"胃",484.57
"226","嘉義縣大林鎮",2004,"胃",72.73
"227","嘉義縣東石鄉",2004,"胃",72.54
"228","嘉義縣番路鄉",2004,"胃",0
"229","嘉義縣六腳鄉",2004,"胃",74.15
"230","嘉義縣鹿草鄉",2004,"胃",56.62
"231","嘉義縣梅山鄉",2004,"胃",83.34
"232","嘉義縣民雄鄉",2004,"胃",38.69
"233","嘉義縣朴子市",2004,"胃",94.7
"234","嘉義縣水上鄉",2004,"胃",121.58
"235","嘉義縣太保市",2004,"胃",117.05
"236","嘉義縣溪口鄉",2004,"胃",29.55
"237","嘉義縣中埔鄉",2004,"胃",39.53
"238","嘉義縣新港鄉",2004,"胃",81.06
"239","嘉義縣義竹鄉",2004,"胃",93.91
"240","嘉義縣竹崎鄉",2004,"胃",100.51
"241","嘉義市東區",2004,"胰",27.8
"242","嘉義市西區",2004,"胰",34.13
"243","嘉義縣阿里山鄉",2004,"胰",0
"244","嘉義縣布袋鎮",2004,"胰",20.08
"245","嘉義縣大埔鄉",2004,"胰",0
"246","嘉義縣大林鎮",2004,"胰",38.4
"247","嘉義縣東石鄉",2004,"胰",0
"248","嘉義縣番路鄉",2004,"胰",59.49
"249","嘉義縣六腳鄉",2004,"胰",45.08
"250","嘉義縣鹿草鄉",2004,"胰",34.1
"251","嘉義縣梅山鄉",2004,"胰",0
"252","嘉義縣民雄鄉",2004,"胰",25.41
"253","嘉義縣朴子市",2004,"胰",15.63
"254","嘉義縣水上鄉",2004,"胰",38.84
"255","嘉義縣太保市",2004,"胰",29.91
"256","嘉義縣溪口鄉",2004,"胰",35.94
"257","嘉義縣中埔鄉",2004,"胰",53.05
"258","嘉義縣新港鄉",2004,"胰",20.24
"259","嘉義縣義竹鄉",2004,"胰",0
"260","嘉義縣竹崎鄉",2004,"胰",16.48
"261","嘉義市東區",2004,"直腸與肛門",62.79
"262","嘉義市西區",2004,"直腸與肛門",145.28
"263","嘉義縣阿里山鄉",2004,"直腸與肛門",145.02
"264","嘉義縣布袋鎮",2004,"直腸與肛門",168.25
"265","嘉義縣大埔鄉",2004,"直腸與肛門",0
"266","嘉義縣大林鎮",2004,"直腸與肛門",112.37
"267","嘉義縣東石鄉",2004,"直腸與肛門",143.56
"268","嘉義縣番路鄉",2004,"直腸與肛門",114.02
"269","嘉義縣六腳鄉",2004,"直腸與肛門",32.62
"270","嘉義縣鹿草鄉",2004,"直腸與肛門",154.22
"271","嘉義縣梅山鄉",2004,"直腸與肛門",108.84
"272","嘉義縣民雄鄉",2004,"直腸與肛門",91
"273","嘉義縣朴子市",2004,"直腸與肛門",78
"274","嘉義縣水上鄉",2004,"直腸與肛門",132.82
"275","嘉義縣太保市",2004,"直腸與肛門",58.2
"276","嘉義縣溪口鄉",2004,"直腸與肛門",129.1
"277","嘉義縣中埔鄉",2004,"直腸與肛門",106.05
"278","嘉義縣新港鄉",2004,"直腸與肛門",106.35
"279","嘉義縣義竹鄉",2004,"直腸與肛門",167.29
"280","嘉義縣竹崎鄉",2004,"直腸與肛門",146.38
"281","嘉義市東區",2004,"子宮頸",72.06
"282","嘉義市西區",2004,"子宮頸",48.48
"283","嘉義縣阿里山鄉",2004,"子宮頸",0
"284","嘉義縣布袋鎮",2004,"子宮頸",38.51
"285","嘉義縣大埔鄉",2004,"子宮頸",0
"286","嘉義縣大林鎮",2004,"子宮頸",33.37
"287","嘉義縣東石鄉",2004,"子宮頸",31.75
"288","嘉義縣番路鄉",2004,"子宮頸",0
"289","嘉義縣六腳鄉",2004,"子宮頸",49.74
"290","嘉義縣鹿草鄉",2004,"子宮頸",44.62
"291","嘉義縣梅山鄉",2004,"子宮頸",47.15
"292","嘉義縣民雄鄉",2004,"子宮頸",78.74
"293","嘉義縣朴子市",2004,"子宮頸",172.31
"294","嘉義縣水上鄉",2004,"子宮頸",63.34
"295","嘉義縣太保市",2004,"子宮頸",58.26
"296","嘉義縣溪口鄉",2004,"子宮頸",70.9
"297","嘉義縣中埔鄉",2004,"子宮頸",38.55
"298","嘉義縣新港鄉",2004,"子宮頸",98.27
"299","嘉義縣義竹鄉",2004,"子宮頸",0
"300","嘉義縣竹崎鄉",2004,"子宮頸",0
"301","嘉義市東區",2005,"白血病",27.5
"302","嘉義市西區",2005,"白血病",29.26
"303","嘉義縣阿里山鄉",2005,"白血病",0
"304","嘉義縣布袋鎮",2005,"白血病",0
"305","嘉義縣大埔鄉",2005,"白血病",0
"306","嘉義縣大林鎮",2005,"白血病",15.46
"307","嘉義縣東石鄉",2005,"白血病",0
"308","嘉義縣番路鄉",2005,"白血病",0
"309","嘉義縣六腳鄉",2005,"白血病",16.98
"310","嘉義縣鹿草鄉",2005,"白血病",33.05
"311","嘉義縣梅山鄉",2005,"白血病",0
"312","嘉義縣民雄鄉",2005,"白血病",11.07
"313","嘉義縣朴子市",2005,"白血病",14.82
"314","嘉義縣水上鄉",2005,"白血病",34.73
"315","嘉義縣太保市",2005,"白血病",85.22
"316","嘉義縣溪口鄉",2005,"白血病",36.04
"317","嘉義縣中埔鄉",2005,"白血病",15.7
"318","嘉義縣新港鄉",2005,"白血病",36.4
"319","嘉義縣義竹鄉",2005,"白血病",74.44
"320","嘉義縣竹崎鄉",2005,"白血病",20.6
"321","嘉義市東區",2005,"膀胱",20.86
"322","嘉義市西區",2005,"膀胱",74.85
"323","嘉義縣阿里山鄉",2005,"膀胱",0
"324","嘉義縣布袋鎮",2005,"膀胱",176.23
"325","嘉義縣大埔鄉",2005,"膀胱",0
"326","嘉義縣大林鎮",2005,"膀胱",90.85
"327","嘉義縣東石鄉",2005,"膀胱",74.16
"328","嘉義縣番路鄉",2005,"膀胱",0
"329","嘉義縣六腳鄉",2005,"膀胱",0
"330","嘉義縣鹿草鄉",2005,"膀胱",47.09
"331","嘉義縣梅山鄉",2005,"膀胱",26.38
"332","嘉義縣民雄鄉",2005,"膀胱",81.47
"333","嘉義縣朴子市",2005,"膀胱",30.26
"334","嘉義縣水上鄉",2005,"膀胱",57.82
"335","嘉義縣太保市",2005,"膀胱",117.13
"336","嘉義縣溪口鄉",2005,"膀胱",28.91
"337","嘉義縣中埔鄉",2005,"膀胱",119.45
"338","嘉義縣新港鄉",2005,"膀胱",128.51
"339","嘉義縣義竹鄉",2005,"膀胱",155.44
"340","嘉義縣竹崎鄉",2005,"膀胱",56.74
"341","嘉義市東區",2005,"非何杰金氏淋巴瘤",50.48
"342","嘉義市西區",2005,"非何杰金氏淋巴瘤",27.99
"343","嘉義縣阿里山鄉",2005,"非何杰金氏淋巴瘤",164.8
"344","嘉義縣布袋鎮",2005,"非何杰金氏淋巴瘤",30.24
"345","嘉義縣大埔鄉",2005,"非何杰金氏淋巴瘤",0
"346","嘉義縣大林鎮",2005,"非何杰金氏淋巴瘤",0
"347","嘉義縣東石鄉",2005,"非何杰金氏淋巴瘤",16.6
"348","嘉義縣番路鄉",2005,"非何杰金氏淋巴瘤",105.56
"349","嘉義縣六腳鄉",2005,"非何杰金氏淋巴瘤",14.88
"350","嘉義縣鹿草鄉",2005,"非何杰金氏淋巴瘤",0
"351","嘉義縣梅山鄉",2005,"非何杰金氏淋巴瘤",56.74
"352","嘉義縣民雄鄉",2005,"非何杰金氏淋巴瘤",37.88
"353","嘉義縣朴子市",2005,"非何杰金氏淋巴瘤",15.44
"354","嘉義縣水上鄉",2005,"非何杰金氏淋巴瘤",32.26
"355","嘉義縣太保市",2005,"非何杰金氏淋巴瘤",23.7
"356","嘉義縣溪口鄉",2005,"非何杰金氏淋巴瘤",31.06
"357","嘉義縣中埔鄉",2005,"非何杰金氏淋巴瘤",51.69
"358","嘉義縣新港鄉",2005,"非何杰金氏淋巴瘤",38.43
"359","嘉義縣義竹鄉",2005,"非何杰金氏淋巴瘤",21.96
"360","嘉義縣竹崎鄉",2005,"非何杰金氏淋巴瘤",55.65
"361","嘉義市東區",2005,"肺.支氣管及氣管",267.06
"362","嘉義市西區",2005,"肺.支氣管及氣管",300.14
"363","嘉義縣阿里山鄉",2005,"肺.支氣管及氣管",0
"364","嘉義縣布袋鎮",2005,"肺.支氣管及氣管",321.6
"365","嘉義縣大埔鄉",2005,"肺.支氣管及氣管",557.49
"366","嘉義縣大林鎮",2005,"肺.支氣管及氣管",203.58
"367","嘉義縣東石鄉",2005,"肺.支氣管及氣管",419.6
"368","嘉義縣番路鄉",2005,"肺.支氣管及氣管",100.8
"369","嘉義縣六腳鄉",2005,"肺.支氣管及氣管",326.45
"370","嘉義縣鹿草鄉",2005,"肺.支氣管及氣管",305.58
"371","嘉義縣梅山鄉",2005,"肺.支氣管及氣管",106.25
"372","嘉義縣民雄鄉",2005,"肺.支氣管及氣管",296.12
"373","嘉義縣朴子市",2005,"肺.支氣管及氣管",202.24
"374","嘉義縣水上鄉",2005,"肺.支氣管及氣管",205.2
"375","嘉義縣太保市",2005,"肺.支氣管及氣管",242.94
"376","嘉義縣溪口鄉",2005,"肺.支氣管及氣管",130.97
"377","嘉義縣中埔鄉",2005,"肺.支氣管及氣管",242.84
"378","嘉義縣新港鄉",2005,"肺.支氣管及氣管",261.07
"379","嘉義縣義竹鄉",2005,"肺.支氣管及氣管",217.33
"380","嘉義縣竹崎鄉",2005,"肺.支氣管及氣管",220.4
"381","嘉義市東區",2005,"肝及肝內膽管",415.08
"382","嘉義市西區",2005,"肝及肝內膽管",426.16
"383","嘉義縣阿里山鄉",2005,"肝及肝內膽管",435.95
"384","嘉義縣布袋鎮",2005,"肝及肝內膽管",406.75
"385","嘉義縣大埔鄉",2005,"肝及肝內膽管",411.64
"386","嘉義縣大林鎮",2005,"肝及肝內膽管",272.37
"387","嘉義縣東石鄉",2005,"肝及肝內膽管",381.12
"388","嘉義縣番路鄉",2005,"肝及肝內膽管",203.22
"389","嘉義縣六腳鄉",2005,"肝及肝內膽管",287.31
"390","嘉義縣鹿草鄉",2005,"肝及肝內膽管",271.2
"391","嘉義縣梅山鄉",2005,"肝及肝內膽管",179.35
"392","嘉義縣民雄鄉",2005,"肝及肝內膽管",185.24
"393","嘉義縣朴子市",2005,"肝及肝內膽管",211.47
"394","嘉義縣水上鄉",2005,"肝及肝內膽管",310.7
"395","嘉義縣太保市",2005,"肝及肝內膽管",579.09
"396","嘉義縣溪口鄉",2005,"肝及肝內膽管",315.86
"397","嘉義縣中埔鄉",2005,"肝及肝內膽管",407.85
"398","嘉義縣新港鄉",2005,"肝及肝內膽管",193.82
"399","嘉義縣義竹鄉",2005,"肝及肝內膽管",296.33
"400","嘉義縣竹崎鄉",2005,"肝及肝內膽管",557.03
"401","嘉義市東區",2005,"結腸",240.79
"402","嘉義市西區",2005,"結腸",148.27
"403","嘉義縣阿里山鄉",2005,"結腸",147.41
"404","嘉義縣布袋鎮",2005,"結腸",138.11
"405","嘉義縣大埔鄉",2005,"結腸",223.08
"406","嘉義縣大林鎮",2005,"結腸",211.03
"407","嘉義縣東石鄉",2005,"結腸",141.38
"408","嘉義縣番路鄉",2005,"結腸",177.02
"409","嘉義縣六腳鄉",2005,"結腸",145.84
"410","嘉義縣鹿草鄉",2005,"結腸",86.44
"411","嘉義縣梅山鄉",2005,"結腸",149.15
"412","嘉義縣民雄鄉",2005,"結腸",168.69
"413","嘉義縣朴子市",2005,"結腸",143.99
"414","嘉義縣水上鄉",2005,"結腸",133.35
"415","嘉義縣太保市",2005,"結腸",246.6
"416","嘉義縣溪口鄉",2005,"結腸",106.02
"417","嘉義縣中埔鄉",2005,"結腸",67.39
"418","嘉義縣新港鄉",2005,"結腸",160.8
"419","嘉義縣義竹鄉",2005,"結腸",189.67
"420","嘉義縣竹崎鄉",2005,"結腸",123.53
"421","嘉義市東區",2005,"口腔.口咽及下咽",58.92
"422","嘉義市西區",2005,"口腔.口咽及下咽",56.75
"423","嘉義縣阿里山鄉",2005,"口腔.口咽及下咽",106.35
"424","嘉義縣布袋鎮",2005,"口腔.口咽及下咽",57.55
"425","嘉義縣大埔鄉",2005,"口腔.口咽及下咽",237.43
"426","嘉義縣大林鎮",2005,"口腔.口咽及下咽",73.74
"427","嘉義縣東石鄉",2005,"口腔.口咽及下咽",38.37
"428","嘉義縣番路鄉",2005,"口腔.口咽及下咽",146.12
"429","嘉義縣六腳鄉",2005,"口腔.口咽及下咽",57.03
"430","嘉義縣鹿草鄉",2005,"口腔.口咽及下咽",116.34
"431","嘉義縣梅山鄉",2005,"口腔.口咽及下咽",0
"432","嘉義縣民雄鄉",2005,"口腔.口咽及下咽",53.89
"433","嘉義縣朴子市",2005,"口腔.口咽及下咽",0
"434","嘉義縣水上鄉",2005,"口腔.口咽及下咽",14.9
"435","嘉義縣太保市",2005,"口腔.口咽及下咽",117.1
"436","嘉義縣溪口鄉",2005,"口腔.口咽及下咽",101
"437","嘉義縣中埔鄉",2005,"口腔.口咽及下咽",83.93
"438","嘉義縣新港鄉",2005,"口腔.口咽及下咽",32.66
"439","嘉義縣義竹鄉",2005,"口腔.口咽及下咽",52.49
"440","嘉義縣竹崎鄉",2005,"口腔.口咽及下咽",96.16
"441","嘉義市東區",2005,"卵巢.輸卵管及寬韌帶",44.49
"442","嘉義市西區",2005,"卵巢.輸卵管及寬韌帶",12.56
"443","嘉義縣阿里山鄉",2005,"卵巢.輸卵管及寬韌帶",0
"444","嘉義縣布袋鎮",2005,"卵巢.輸卵管及寬韌帶",0
"445","嘉義縣大埔鄉",2005,"卵巢.輸卵管及寬韌帶",0
"446","嘉義縣大林鎮",2005,"卵巢.輸卵管及寬韌帶",40.03
"447","嘉義縣東石鄉",2005,"卵巢.輸卵管及寬韌帶",29.5
"448","嘉義縣番路鄉",2005,"卵巢.輸卵管及寬韌帶",95.27
"449","嘉義縣六腳鄉",2005,"卵巢.輸卵管及寬韌帶",0
"450","嘉義縣鹿草鄉",2005,"卵巢.輸卵管及寬韌帶",0
"451","嘉義縣梅山鄉",2005,"卵巢.輸卵管及寬韌帶",0
"452","嘉義縣民雄鄉",2005,"卵巢.輸卵管及寬韌帶",22.87
"453","嘉義縣朴子市",2005,"卵巢.輸卵管及寬韌帶",35.21
"454","嘉義縣水上鄉",2005,"卵巢.輸卵管及寬韌帶",28.45
"455","嘉義縣太保市",2005,"卵巢.輸卵管及寬韌帶",59.68
"456","嘉義縣溪口鄉",2005,"卵巢.輸卵管及寬韌帶",127.22
"457","嘉義縣中埔鄉",2005,"卵巢.輸卵管及寬韌帶",0
"458","嘉義縣新港鄉",2005,"卵巢.輸卵管及寬韌帶",0
"459","嘉義縣義竹鄉",2005,"卵巢.輸卵管及寬韌帶",0
"460","嘉義縣竹崎鄉",2005,"卵巢.輸卵管及寬韌帶",0
"461","嘉義市東區",2005,"女性乳房",193.5
"462","嘉義市西區",2005,"女性乳房",55.08
"463","嘉義縣阿里山鄉",2005,"女性乳房",0
"464","嘉義縣布袋鎮",2005,"女性乳房",70.13
"465","嘉義縣大埔鄉",2005,"女性乳房",0
"466","嘉義縣大林鎮",2005,"女性乳房",31.11
"467","嘉義縣東石鄉",2005,"女性乳房",0
"468","嘉義縣番路鄉",2005,"女性乳房",241.03
"469","嘉義縣六腳鄉",2005,"女性乳房",31.45
"470","嘉義縣鹿草鄉",2005,"女性乳房",65.68
"471","嘉義縣梅山鄉",2005,"女性乳房",61.8
"472","嘉義縣民雄鄉",2005,"女性乳房",101.56
"473","嘉義縣朴子市",2005,"女性乳房",80.09
"474","嘉義縣水上鄉",2005,"女性乳房",62.08
"475","嘉義縣太保市",2005,"女性乳房",59.68
"476","嘉義縣溪口鄉",2005,"女性乳房",0
"477","嘉義縣中埔鄉",2005,"女性乳房",119.36
"478","嘉義縣新港鄉",2005,"女性乳房",111.94
"479","嘉義縣義竹鄉",2005,"女性乳房",0
"480","嘉義縣竹崎鄉",2005,"女性乳房",28.99
"481","嘉義市東區",2005,"攝護腺",215.53
"482","嘉義市西區",2005,"攝護腺",184.41
"483","嘉義縣阿里山鄉",2005,"攝護腺",0
"484","嘉義縣布袋鎮",2005,"攝護腺",350.98
"485","嘉義縣大埔鄉",2005,"攝護腺",0
"486","嘉義縣大林鎮",2005,"攝護腺",201.18
"487","嘉義縣東石鄉",2005,"攝護腺",79.87
"488","嘉義縣番路鄉",2005,"攝護腺",240.87
"489","嘉義縣六腳鄉",2005,"攝護腺",203.05
"490","嘉義縣鹿草鄉",2005,"攝護腺",186.9
"491","嘉義縣梅山鄉",2005,"攝護腺",117.6
"492","嘉義縣民雄鄉",2005,"攝護腺",362.43
"493","嘉義縣朴子市",2005,"攝護腺",179.58
"494","嘉義縣水上鄉",2005,"攝護腺",244.35
"495","嘉義縣太保市",2005,"攝護腺",200.58
"496","嘉義縣溪口鄉",2005,"攝護腺",0
"497","嘉義縣中埔鄉",2005,"攝護腺",146.49
"498","嘉義縣新港鄉",2005,"攝護腺",182.39
"499","嘉義縣義竹鄉",2005,"攝護腺",103.62
"500","嘉義縣竹崎鄉",2005,"攝護腺",64.75
"501","嘉義市東區",2005,"食道",22.61
"502","嘉義市西區",2005,"食道",13.5
"503","嘉義縣阿里山鄉",2005,"食道",0
"504","嘉義縣布袋鎮",2005,"食道",38.48
"505","嘉義縣大埔鄉",2005,"食道",0
"506","嘉義縣大林鎮",2005,"食道",30.93
"507","嘉義縣東石鄉",2005,"食道",33.21
"508","嘉義縣番路鄉",2005,"食道",0
"509","嘉義縣六腳鄉",2005,"食道",23.07
"510","嘉義縣鹿草鄉",2005,"食道",33.05
"511","嘉義縣梅山鄉",2005,"食道",0
"512","嘉義縣民雄鄉",2005,"食道",23.99
"513","嘉義縣朴子市",2005,"食道",0
"514","嘉義縣水上鄉",2005,"食道",65.74
"515","嘉義縣太保市",2005,"食道",0
"516","嘉義縣溪口鄉",2005,"食道",31.06
"517","嘉義縣中埔鄉",2005,"食道",0
"518","嘉義縣新港鄉",2005,"食道",16.33
"519","嘉義縣義竹鄉",2005,"食道",99.84
"520","嘉義縣竹崎鄉",2005,"食道",0
"521","嘉義市東區",2005,"胃",63.21
"522","嘉義市西區",2005,"胃",50.05
"523","嘉義縣阿里山鄉",2005,"胃",147.41
"524","嘉義縣布袋鎮",2005,"胃",109.16
"525","嘉義縣大埔鄉",2005,"胃",0
"526","嘉義縣大林鎮",2005,"胃",15.46
"527","嘉義縣東石鄉",2005,"胃",185.86
"528","嘉義縣番路鄉",2005,"胃",71.46
"529","嘉義縣六腳鄉",2005,"胃",80.46
"530","嘉義縣鹿草鄉",2005,"胃",117.29
"531","嘉義縣梅山鄉",2005,"胃",0
"532","嘉義縣民雄鄉",2005,"胃",38.26
"533","嘉義縣朴子市",2005,"胃",78.58
"534","嘉義縣水上鄉",2005,"胃",91.08
"535","嘉義縣太保市",2005,"胃",86.75
"536","嘉義縣溪口鄉",2005,"胃",0
"537","嘉義縣中埔鄉",2005,"胃",35.16
"538","嘉義縣新港鄉",2005,"胃",75.39
"539","嘉義縣義竹鄉",2005,"胃",41.21
"540","嘉義縣竹崎鄉",2005,"胃",16.76
"541","嘉義市東區",2005,"胰",27.63
"542","嘉義市西區",2005,"胰",30.42
"543","嘉義縣阿里山鄉",2005,"胰",147.41
"544","嘉義縣布袋鎮",2005,"胰",0
"545","嘉義縣大埔鄉",2005,"胰",0
"546","嘉義縣大林鎮",2005,"胰",36.27
"547","嘉義縣東石鄉",2005,"胰",38.37
"548","嘉義縣番路鄉",2005,"胰",0
"549","嘉義縣六腳鄉",2005,"胰",29.77
"550","嘉義縣鹿草鄉",2005,"胰",59.74
"551","嘉義縣梅山鄉",2005,"胰",0
"552","嘉義縣民雄鄉",2005,"胰",63.19
"553","嘉義縣朴子市",2005,"胰",31.88
"554","嘉義縣水上鄉",2005,"胰",17.36
"555","嘉義縣太保市",2005,"胰",86.75
"556","嘉義縣溪口鄉",2005,"胰",57.82
"557","嘉義縣中埔鄉",2005,"胰",26.23
"558","嘉義縣新港鄉",2005,"胰",32.85
"559","嘉義縣義竹鄉",2005,"胰",21.96
"560","嘉義縣竹崎鄉",2005,"胰",65.64
"561","嘉義市東區",2005,"直腸與肛門",74.52
"562","嘉義市西區",2005,"直腸與肛門",136.98
"563","嘉義縣阿里山鄉",2005,"直腸與肛門",253.77
"564","嘉義縣布袋鎮",2005,"直腸與肛門",119.86
"565","嘉義縣大埔鄉",2005,"直腸與肛門",0
"566","嘉義縣大林鎮",2005,"直腸與肛門",144.88
"567","嘉義縣東石鄉",2005,"直腸與肛門",167.34
"568","嘉義縣番路鄉",2005,"直腸與肛門",49.71
"569","嘉義縣六腳鄉",2005,"直腸與肛門",244.81
"570","嘉義縣鹿草鄉",2005,"直腸與肛門",239.34
"571","嘉義縣梅山鄉",2005,"直腸與肛門",31.4
"572","嘉義縣民雄鄉",2005,"直腸與肛門",126.2
"573","嘉義縣朴子市",2005,"直腸與肛門",75.31
"574","嘉義縣水上鄉",2005,"直腸與肛門",90.08
"575","嘉義縣太保市",2005,"直腸與肛門",125.88
"576","嘉義縣溪口鄉",2005,"直腸與肛門",59.97
"577","嘉義縣中埔鄉",2005,"直腸與肛門",131.59
"578","嘉義縣新港鄉",2005,"直腸與肛門",96.6
"579","嘉義縣義竹鄉",2005,"直腸與肛門",126.49
"580","嘉義縣竹崎鄉",2005,"直腸與肛門",243.7
"581","嘉義市東區",2005,"子宮頸",58.38
"582","嘉義市西區",2005,"子宮頸",100.42
"583","嘉義縣阿里山鄉",2005,"子宮頸",0
"584","嘉義縣布袋鎮",2005,"子宮頸",32.38
"585","嘉義縣大埔鄉",2005,"子宮頸",0
"586","嘉義縣大林鎮",2005,"子宮頸",32.52
"587","嘉義縣東石鄉",2005,"子宮頸",0
"588","嘉義縣番路鄉",2005,"子宮頸",0
"589","嘉義縣六腳鄉",2005,"子宮頸",71.2
"590","嘉義縣鹿草鄉",2005,"子宮頸",40.92
"591","嘉義縣梅山鄉",2005,"子宮頸",48.46
"592","嘉義縣民雄鄉",2005,"子宮頸",51.62
"593","嘉義縣朴子市",2005,"子宮頸",48.62
"594","嘉義縣水上鄉",2005,"子宮頸",62.08
"595","嘉義縣太保市",2005,"子宮頸",0
"596","嘉義縣溪口鄉",2005,"子宮頸",0
"597","嘉義縣中埔鄉",2005,"子宮頸",188.22
"598","嘉義縣新港鄉",2005,"子宮頸",58.82
"599","嘉義縣義竹鄉",2005,"子宮頸",0
"600","嘉義縣竹崎鄉",2005,"子宮頸",78.26
"601","嘉義市東區",2006,"白血病",74.84
"602","嘉義市西區",2006,"白血病",7.88
"603","嘉義縣阿里山鄉",2006,"白血病",0
"604","嘉義縣布袋鎮",2006,"白血病",20.48
"605","嘉義縣大埔鄉",2006,"白血病",0
"606","嘉義縣大林鎮",2006,"白血病",51.73
"607","嘉義縣東石鄉",2006,"白血病",0
"608","嘉義縣番路鄉",2006,"白血病",0
"609","嘉義縣六腳鄉",2006,"白血病",17.98
"610","嘉義縣鹿草鄉",2006,"白血病",0
"611","嘉義縣梅山鄉",2006,"白血病",24.28
"612","嘉義縣民雄鄉",2006,"白血病",23.52
"613","嘉義縣朴子市",2006,"白血病",0
"614","嘉義縣水上鄉",2006,"白血病",47.18
"615","嘉義縣太保市",2006,"白血病",43.09
"616","嘉義縣溪口鄉",2006,"白血病",0
"617","嘉義縣中埔鄉",2006,"白血病",16.29
"618","嘉義縣新港鄉",2006,"白血病",0
"619","嘉義縣義竹鄉",2006,"白血病",0
"620","嘉義縣竹崎鄉",2006,"白血病",36.28
"621","嘉義市東區",2006,"膀胱",18.94
"622","嘉義市西區",2006,"膀胱",19.83
"623","嘉義縣阿里山鄉",2006,"膀胱",0
"624","嘉義縣布袋鎮",2006,"膀胱",145.47
"625","嘉義縣大埔鄉",2006,"膀胱",0
"626","嘉義縣大林鎮",2006,"膀胱",15.12
"627","嘉義縣東石鄉",2006,"膀胱",32.78
"628","嘉義縣番路鄉",2006,"膀胱",43.9
"629","嘉義縣六腳鄉",2006,"膀胱",27.19
"630","嘉義縣鹿草鄉",2006,"膀胱",0
"631","嘉義縣梅山鄉",2006,"膀胱",23.27
"632","嘉義縣民雄鄉",2006,"膀胱",97.44
"633","嘉義縣朴子市",2006,"膀胱",41.19
"634","嘉義縣水上鄉",2006,"膀胱",26.69
"635","嘉義縣太保市",2006,"膀胱",75.06
"636","嘉義縣溪口鄉",2006,"膀胱",0
"637","嘉義縣中埔鄉",2006,"膀胱",69.03
"638","嘉義縣新港鄉",2006,"膀胱",71.9
"639","嘉義縣義竹鄉",2006,"膀胱",125.42
"640","嘉義縣竹崎鄉",2006,"膀胱",65.39
"641","嘉義市東區",2006,"非何杰金氏淋巴瘤",15.42
"642","嘉義市西區",2006,"非何杰金氏淋巴瘤",6.97
"643","嘉義縣阿里山鄉",2006,"非何杰金氏淋巴瘤",0
"644","嘉義縣布袋鎮",2006,"非何杰金氏淋巴瘤",0
"645","嘉義縣大埔鄉",2006,"非何杰金氏淋巴瘤",0
"646","嘉義縣大林鎮",2006,"非何杰金氏淋巴瘤",48.29
"647","嘉義縣東石鄉",2006,"非何杰金氏淋巴瘤",0
"648","嘉義縣番路鄉",2006,"非何杰金氏淋巴瘤",68.64
"649","嘉義縣六腳鄉",2006,"非何杰金氏淋巴瘤",13.93
"650","嘉義縣鹿草鄉",2006,"非何杰金氏淋巴瘤",0
"651","嘉義縣梅山鄉",2006,"非何杰金氏淋巴瘤",30.74
"652","嘉義縣民雄鄉",2006,"非何杰金氏淋巴瘤",23.47
"653","嘉義縣朴子市",2006,"非何杰金氏淋巴瘤",71.36
"654","嘉義縣水上鄉",2006,"非何杰金氏淋巴瘤",26.69
"655","嘉義縣太保市",2006,"非何杰金氏淋巴瘤",67.26
"656","嘉義縣溪口鄉",2006,"非何杰金氏淋巴瘤",30.92
"657","嘉義縣中埔鄉",2006,"非何杰金氏淋巴瘤",0
"658","嘉義縣新港鄉",2006,"非何杰金氏淋巴瘤",0
"659","嘉義縣義竹鄉",2006,"非何杰金氏淋巴瘤",21.48
"660","嘉義縣竹崎鄉",2006,"非何杰金氏淋巴瘤",0
"661","嘉義市東區",2006,"肺.支氣管及氣管",222.75
"662","嘉義市西區",2006,"肺.支氣管及氣管",249.17
"663","嘉義縣阿里山鄉",2006,"肺.支氣管及氣管",117.26
"664","嘉義縣布袋鎮",2006,"肺.支氣管及氣管",453.94
"665","嘉義縣大埔鄉",2006,"肺.支氣管及氣管",252.31
"666","嘉義縣大林鎮",2006,"肺.支氣管及氣管",328.4
"667","嘉義縣東石鄉",2006,"肺.支氣管及氣管",301.92
"668","嘉義縣番路鄉",2006,"肺.支氣管及氣管",237.29
"669","嘉義縣六腳鄉",2006,"肺.支氣管及氣管",311.88
"670","嘉義縣鹿草鄉",2006,"肺.支氣管及氣管",270.47
"671","嘉義縣梅山鄉",2006,"肺.支氣管及氣管",240.16
"672","嘉義縣民雄鄉",2006,"肺.支氣管及氣管",349.59
"673","嘉義縣朴子市",2006,"肺.支氣管及氣管",324.82
"674","嘉義縣水上鄉",2006,"肺.支氣管及氣管",221.86
"675","嘉義縣太保市",2006,"肺.支氣管及氣管",188.96
"676","嘉義縣溪口鄉",2006,"肺.支氣管及氣管",187.02
"677","嘉義縣中埔鄉",2006,"肺.支氣管及氣管",151.16
"678","嘉義縣新港鄉",2006,"肺.支氣管及氣管",246.66
"679","嘉義縣義竹鄉",2006,"肺.支氣管及氣管",323.67
"680","嘉義縣竹崎鄉",2006,"肺.支氣管及氣管",147.67
"681","嘉義市東區",2006,"肝及肝內膽管",364.33
"682","嘉義市西區",2006,"肝及肝內膽管",411.83
"683","嘉義縣阿里山鄉",2006,"肝及肝內膽管",432.46
"684","嘉義縣布袋鎮",2006,"肝及肝內膽管",316.32
"685","嘉義縣大埔鄉",2006,"肝及肝內膽管",387.72
"686","嘉義縣大林鎮",2006,"肝及肝內膽管",327.31
"687","嘉義縣東石鄉",2006,"肝及肝內膽管",310.52
"688","嘉義縣番路鄉",2006,"肝及肝內膽管",174.23
"689","嘉義縣六腳鄉",2006,"肝及肝內膽管",354.49
"690","嘉義縣鹿草鄉",2006,"肝及肝內膽管",348.79
"691","嘉義縣梅山鄉",2006,"肝及肝內膽管",219.82
"692","嘉義縣民雄鄉",2006,"肝及肝內膽管",332.75
"693","嘉義縣朴子市",2006,"肝及肝內膽管",345.35
"694","嘉義縣水上鄉",2006,"肝及肝內膽管",210.9
"695","嘉義縣太保市",2006,"肝及肝內膽管",453.06
"696","嘉義縣溪口鄉",2006,"肝及肝內膽管",301.78
"697","嘉義縣中埔鄉",2006,"肝及肝內膽管",415.87
"698","嘉義縣新港鄉",2006,"肝及肝內膽管",281.4
"699","嘉義縣義竹鄉",2006,"肝及肝內膽管",404.91
"700","嘉義縣竹崎鄉",2006,"肝及肝內膽管",322.25
"701","嘉義市東區",2006,"結腸",85.5
"702","嘉義市西區",2006,"結腸",192.18
"703","嘉義縣阿里山鄉",2006,"結腸",117.26
"704","嘉義縣布袋鎮",2006,"結腸",159.16
"705","嘉義縣大埔鄉",2006,"結腸",0
"706","嘉義縣大林鎮",2006,"結腸",150.18
"707","嘉義縣東石鄉",2006,"結腸",48.68
"708","嘉義縣番路鄉",2006,"結腸",233.75
"709","嘉義縣六腳鄉",2006,"結腸",89.48
"710","嘉義縣鹿草鄉",2006,"結腸",172.79
"711","嘉義縣梅山鄉",2006,"結腸",54.02
"712","嘉義縣民雄鄉",2006,"結腸",169.21
"713","嘉義縣朴子市",2006,"結腸",94.48
"714","嘉義縣水上鄉",2006,"結腸",230.35
"715","嘉義縣太保市",2006,"結腸",110.56
"716","嘉義縣溪口鄉",2006,"結腸",156.57
"717","嘉義縣中埔鄉",2006,"結腸",149.56
"718","嘉義縣新港鄉",2006,"結腸",197.6
"719","嘉義縣義竹鄉",2006,"結腸",200.85
"720","嘉義縣竹崎鄉",2006,"結腸",122.67
"721","嘉義市東區",2006,"口腔.口咽及下咽",14.75
"722","嘉義市西區",2006,"口腔.口咽及下咽",52.04
"723","嘉義縣阿里山鄉",2006,"口腔.口咽及下咽",0
"724","嘉義縣布袋鎮",2006,"口腔.口咽及下咽",60.34
"725","嘉義縣大埔鄉",2006,"口腔.口咽及下咽",0
"726","嘉義縣大林鎮",2006,"口腔.口咽及下咽",17.29
"727","嘉義縣東石鄉",2006,"口腔.口咽及下咽",99.39
"728","嘉義縣番路鄉",2006,"口腔.口咽及下咽",0
"729","嘉義縣六腳鄉",2006,"口腔.口咽及下咽",58.31
"730","嘉義縣鹿草鄉",2006,"口腔.口咽及下咽",32.84
"731","嘉義縣梅山鄉",2006,"口腔.口咽及下咽",78.3
"732","嘉義縣民雄鄉",2006,"口腔.口咽及下咽",23.83
"733","嘉義縣朴子市",2006,"口腔.口咽及下咽",88.06
"734","嘉義縣水上鄉",2006,"口腔.口咽及下咽",94.21
"735","嘉義縣太保市",2006,"口腔.口咽及下咽",57.05
"736","嘉義縣溪口鄉",2006,"口腔.口咽及下咽",0
"737","嘉義縣中埔鄉",2006,"口腔.口咽及下咽",122.31
"738","嘉義縣新港鄉",2006,"口腔.口咽及下咽",20.65
"739","嘉義縣義竹鄉",2006,"口腔.口咽及下咽",45.54
"740","嘉義縣竹崎鄉",2006,"口腔.口咽及下咽",144.25
"741","嘉義市東區",2006,"卵巢.輸卵管及寬韌帶",27.43
"742","嘉義市西區",2006,"卵巢.輸卵管及寬韌帶",11.98
"743","嘉義縣阿里山鄉",2006,"卵巢.輸卵管及寬韌帶",0
"744","嘉義縣布袋鎮",2006,"卵巢.輸卵管及寬韌帶",33.75
"745","嘉義縣大埔鄉",2006,"卵巢.輸卵管及寬韌帶",0
"746","嘉義縣大林鎮",2006,"卵巢.輸卵管及寬韌帶",67.8
"747","嘉義縣東石鄉",2006,"卵巢.輸卵管及寬韌帶",0
"748","嘉義縣番路鄉",2006,"卵巢.輸卵管及寬韌帶",91.92
"749","嘉義縣六腳鄉",2006,"卵巢.輸卵管及寬韌帶",0
"750","嘉義縣鹿草鄉",2006,"卵巢.輸卵管及寬韌帶",51.89
"751","嘉義縣梅山鄉",2006,"卵巢.輸卵管及寬韌帶",0
"752","嘉義縣民雄鄉",2006,"卵巢.輸卵管及寬韌帶",22.53
"753","嘉義縣朴子市",2006,"卵巢.輸卵管及寬韌帶",0
"754","嘉義縣水上鄉",2006,"卵巢.輸卵管及寬韌帶",0
"755","嘉義縣太保市",2006,"卵巢.輸卵管及寬韌帶",57.89
"756","嘉義縣溪口鄉",2006,"卵巢.輸卵管及寬韌帶",71.88
"757","嘉義縣中埔鄉",2006,"卵巢.輸卵管及寬韌帶",0
"758","嘉義縣新港鄉",2006,"卵巢.輸卵管及寬韌帶",0
"759","嘉義縣義竹鄉",2006,"卵巢.輸卵管及寬韌帶",0
"760","嘉義縣竹崎鄉",2006,"卵巢.輸卵管及寬韌帶",0
"761","嘉義市東區",2006,"女性乳房",207.26
"762","嘉義市西區",2006,"女性乳房",122.08
"763","嘉義縣阿里山鄉",2006,"女性乳房",0
"764","嘉義縣布袋鎮",2006,"女性乳房",65.23
"765","嘉義縣大埔鄉",2006,"女性乳房",0
"766","嘉義縣大林鎮",2006,"女性乳房",103.87
"767","嘉義縣東石鄉",2006,"女性乳房",106.72
"768","嘉義縣番路鄉",2006,"女性乳房",0
"769","嘉義縣六腳鄉",2006,"女性乳房",43.83
"770","嘉義縣鹿草鄉",2006,"女性乳房",0
"771","嘉義縣梅山鄉",2006,"女性乳房",105.99
"772","嘉義縣民雄鄉",2006,"女性乳房",72.13
"773","嘉義縣朴子市",2006,"女性乳房",0
"774","嘉義縣水上鄉",2006,"女性乳房",86.99
"775","嘉義縣太保市",2006,"女性乳房",102.78
"776","嘉義縣溪口鄉",2006,"女性乳房",166.01
"777","嘉義縣中埔鄉",2006,"女性乳房",106.57
"778","嘉義縣新港鄉",2006,"女性乳房",30.84
"779","嘉義縣義竹鄉",2006,"女性乳房",0
"780","嘉義縣竹崎鄉",2006,"女性乳房",151.33
"781","嘉義市東區",2006,"攝護腺",246.84
"782","嘉義市西區",2006,"攝護腺",207.14
"783","嘉義縣阿里山鄉",2006,"攝護腺",704.35
"784","嘉義縣布袋鎮",2006,"攝護腺",192.79
"785","嘉義縣大埔鄉",2006,"攝護腺",0
"786","嘉義縣大林鎮",2006,"攝護腺",255.82
"787","嘉義縣東石鄉",2006,"攝護腺",44.35
"788","嘉義縣番路鄉",2006,"攝護腺",0
"789","嘉義縣六腳鄉",2006,"攝護腺",286.29
"790","嘉義縣鹿草鄉",2006,"攝護腺",125.11
"791","嘉義縣梅山鄉",2006,"攝護腺",191.29
"792","嘉義縣民雄鄉",2006,"攝護腺",255.6
"793","嘉義縣朴子市",2006,"攝護腺",256.04
"794","嘉義縣水上鄉",2006,"攝護腺",264.73
"795","嘉義縣太保市",2006,"攝護腺",207.81
"796","嘉義縣溪口鄉",2006,"攝護腺",359.11
"797","嘉義縣中埔鄉",2006,"攝護腺",177.45
"798","嘉義縣新港鄉",2006,"攝護腺",103.59
"799","嘉義縣義竹鄉",2006,"攝護腺",129.43
"800","嘉義縣竹崎鄉",2006,"攝護腺",158.39
"801","嘉義市東區",2006,"食道",20.74
"802","嘉義市西區",2006,"食道",15.24
"803","嘉義縣阿里山鄉",2006,"食道",0
"804","嘉義縣布袋鎮",2006,"食道",40.97
"805","嘉義縣大埔鄉",2006,"食道",0
"806","嘉義縣大林鎮",2006,"食道",74.63
"807","嘉義縣東石鄉",2006,"食道",22.16
"808","嘉義縣番路鄉",2006,"食道",0
"809","嘉義縣六腳鄉",2006,"食道",17.98
"810","嘉義縣鹿草鄉",2006,"食道",0
"811","嘉義縣梅山鄉",2006,"食道",24.28
"812","嘉義縣民雄鄉",2006,"食道",0
"813","嘉義縣朴子市",2006,"食道",0
"814","嘉義縣水上鄉",2006,"食道",0
"815","嘉義縣太保市",2006,"食道",0
"816","嘉義縣溪口鄉",2006,"食道",28.91
"817","嘉義縣中埔鄉",2006,"食道",19.46
"818","嘉義縣新港鄉",2006,"食道",79.99
"819","嘉義縣義竹鄉",2006,"食道",0
"820","嘉義縣竹崎鄉",2006,"食道",66.19
"821","嘉義市東區",2006,"胃",122.64
"822","嘉義市西區",2006,"胃",78.49
"823","嘉義縣阿里山鄉",2006,"胃",117.26
"824","嘉義縣布袋鎮",2006,"胃",136.27
"825","嘉義縣大埔鄉",2006,"胃",0
"826","嘉義縣大林鎮",2006,"胃",48.76
"827","嘉義縣東石鄉",2006,"胃",81.27
"828","嘉義縣番路鄉",2006,"胃",0
"829","嘉義縣六腳鄉",2006,"胃",111.48
"830","嘉義縣鹿草鄉",2006,"胃",85.35
"831","嘉義縣梅山鄉",2006,"胃",0
"832","嘉義縣民雄鄉",2006,"胃",70.1
"833","嘉義縣朴子市",2006,"胃",72.85
"834","嘉義縣水上鄉",2006,"胃",62.9
"835","嘉義縣太保市",2006,"胃",53.51
"836","嘉義縣溪口鄉",2006,"胃",36.7
"837","嘉義縣中埔鄉",2006,"胃",156.41
"838","嘉義縣新港鄉",2006,"胃",49.6
"839","嘉義縣義竹鄉",2006,"胃",119.16
"840","嘉義縣竹崎鄉",2006,"胃",47.76
"841","嘉義市東區",2006,"胰",7.25
"842","嘉義市西區",2006,"胰",20.69
"843","嘉義縣阿里山鄉",2006,"胰",0
"844","嘉義縣布袋鎮",2006,"胰",44.15
"845","嘉義縣大埔鄉",2006,"胰",0
"846","嘉義縣大林鎮",2006,"胰",0
"847","嘉義縣東石鄉",2006,"胰",22.16
"848","嘉義縣番路鄉",2006,"胰",0
"849","嘉義縣六腳鄉",2006,"胰",31.24
"850","嘉義縣鹿草鄉",2006,"胰",0
"851","嘉義縣梅山鄉",2006,"胰",0
"852","嘉義縣民雄鄉",2006,"胰",21.94
"853","嘉義縣朴子市",2006,"胰",42.22
"854","嘉義縣水上鄉",2006,"胰",48.75
"855","嘉義縣太保市",2006,"胰",0
"856","嘉義縣溪口鄉",2006,"胰",29.13
"857","嘉義縣中埔鄉",2006,"胰",0
"858","嘉義縣新港鄉",2006,"胰",20.65
"859","嘉義縣義竹鄉",2006,"胰",0
"860","嘉義縣竹崎鄉",2006,"胰",16.6
"861","嘉義市東區",2006,"直腸與肛門",164.75
"862","嘉義市西區",2006,"直腸與肛門",134.22
"863","嘉義縣阿里山鄉",2006,"直腸與肛門",146.61
"864","嘉義縣布袋鎮",2006,"直腸與肛門",115.46
"865","嘉義縣大埔鄉",2006,"直腸與肛門",0
"866","嘉義縣大林鎮",2006,"直腸與肛門",52.81
"867","嘉義縣東石鄉",2006,"直腸與肛門",136.39
"868","嘉義縣番路鄉",2006,"直腸與肛門",154.49
"869","嘉義縣六腳鄉",2006,"直腸與肛門",90.1
"870","嘉義縣鹿草鄉",2006,"直腸與肛門",128.47
"871","嘉義縣梅山鄉",2006,"直腸與肛門",126.51
"872","嘉義縣民雄鄉",2006,"直腸與肛門",123.52
"873","嘉義縣朴子市",2006,"直腸與肛門",106.91
"874","嘉義縣水上鄉",2006,"直腸與肛門",69.22
"875","嘉義縣太保市",2006,"直腸與肛門",161.77
"876","嘉義縣溪口鄉",2006,"直腸與肛門",133.22
"877","嘉義縣中埔鄉",2006,"直腸與肛門",76.39
"878","嘉義縣新港鄉",2006,"直腸與肛門",163.73
"879","嘉義縣義竹鄉",2006,"直腸與肛門",100.05
"880","嘉義縣竹崎鄉",2006,"直腸與肛門",92.61
"881","嘉義市東區",2006,"子宮頸",13.72
"882","嘉義市西區",2006,"子宮頸",54.78
"883","嘉義縣阿里山鄉",2006,"子宮頸",0
"884","嘉義縣布袋鎮",2006,"子宮頸",135.12
"885","嘉義縣大埔鄉",2006,"子宮頸",731.71
"886","嘉義縣大林鎮",2006,"子宮頸",33.71
"887","嘉義縣東石鄉",2006,"子宮頸",58.44
"888","嘉義縣番路鄉",2006,"子宮頸",0
"889","嘉義縣六腳鄉",2006,"子宮頸",24.16
"890","嘉義縣鹿草鄉",2006,"子宮頸",65.68
"891","嘉義縣梅山鄉",2006,"子宮頸",0
"892","嘉義縣民雄鄉",2006,"子宮頸",67.87
"893","嘉義縣朴子市",2006,"子宮頸",51.98
"894","嘉義縣水上鄉",2006,"子宮頸",26.63
"895","嘉義縣太保市",2006,"子宮頸",0
"896","嘉義縣溪口鄉",2006,"子宮頸",0
"897","嘉義縣中埔鄉",2006,"子宮頸",30.04
"898","嘉義縣新港鄉",2006,"子宮頸",41.34
"899","嘉義縣義竹鄉",2006,"子宮頸",67.33
"900","嘉義縣竹崎鄉",2006,"子宮頸",31.34
"901","嘉義市東區",2007,"白血病",44.16
"902","嘉義市西區",2007,"白血病",0
"903","嘉義縣阿里山鄉",2007,"白血病",0
"904","嘉義縣布袋鎮",2007,"白血病",60.71
"905","嘉義縣大埔鄉",2007,"白血病",0
"906","嘉義縣大林鎮",2007,"白血病",44.43
"907","嘉義縣東石鄉",2007,"白血病",0
"908","嘉義縣番路鄉",2007,"白血病",0
"909","嘉義縣六腳鄉",2007,"白血病",51.3
"910","嘉義縣鹿草鄉",2007,"白血病",0
"911","嘉義縣梅山鄉",2007,"白血病",0
"912","嘉義縣民雄鄉",2007,"白血病",31.98
"913","嘉義縣朴子市",2007,"白血病",12.84
"914","嘉義縣水上鄉",2007,"白血病",28.77
"915","嘉義縣太保市",2007,"白血病",0
"916","嘉義縣溪口鄉",2007,"白血病",0
"917","嘉義縣中埔鄉",2007,"白血病",34.21
"918","嘉義縣新港鄉",2007,"白血病",33.48
"919","嘉義縣義竹鄉",2007,"白血病",0
"920","嘉義縣竹崎鄉",2007,"白血病",54.32
"921","嘉義市東區",2007,"膀胱",53.83
"922","嘉義市西區",2007,"膀胱",60.81
"923","嘉義縣阿里山鄉",2007,"膀胱",0
"924","嘉義縣布袋鎮",2007,"膀胱",159.57
"925","嘉義縣大埔鄉",2007,"膀胱",0
"926","嘉義縣大林鎮",2007,"膀胱",47.08
"927","嘉義縣東石鄉",2007,"膀胱",34.66
"928","嘉義縣番路鄉",2007,"膀胱",0
"929","嘉義縣六腳鄉",2007,"膀胱",0
"930","嘉義縣鹿草鄉",2007,"膀胱",45.12
"931","嘉義縣梅山鄉",2007,"膀胱",62.43
"932","嘉義縣民雄鄉",2007,"膀胱",46.44
"933","嘉義縣朴子市",2007,"膀胱",0
"934","嘉義縣水上鄉",2007,"膀胱",64.74
"935","嘉義縣太保市",2007,"膀胱",28.63
"936","嘉義縣溪口鄉",2007,"膀胱",84.41
"937","嘉義縣中埔鄉",2007,"膀胱",81.97
"938","嘉義縣新港鄉",2007,"膀胱",30.29
"939","嘉義縣義竹鄉",2007,"膀胱",120.57
"940","嘉義縣竹崎鄉",2007,"膀胱",63.91
"941","嘉義市東區",2007,"非何杰金氏淋巴瘤",12.19
"942","嘉義市西區",2007,"非何杰金氏淋巴瘤",12.09
"943","嘉義縣阿里山鄉",2007,"非何杰金氏淋巴瘤",0
"944","嘉義縣布袋鎮",2007,"非何杰金氏淋巴瘤",35.19
"945","嘉義縣大埔鄉",2007,"非何杰金氏淋巴瘤",0
"946","嘉義縣大林鎮",2007,"非何杰金氏淋巴瘤",14.63
"947","嘉義縣東石鄉",2007,"非何杰金氏淋巴瘤",0
"948","嘉義縣番路鄉",2007,"非何杰金氏淋巴瘤",46.9
"949","嘉義縣六腳鄉",2007,"非何杰金氏淋巴瘤",55.98
"950","嘉義縣鹿草鄉",2007,"非何杰金氏淋巴瘤",33.32
"951","嘉義縣梅山鄉",2007,"非何杰金氏淋巴瘤",25.72
"952","嘉義縣民雄鄉",2007,"非何杰金氏淋巴瘤",56.58
"953","嘉義縣朴子市",2007,"非何杰金氏淋巴瘤",45.24
"954","嘉義縣水上鄉",2007,"非何杰金氏淋巴瘤",14.39
"955","嘉義縣太保市",2007,"非何杰金氏淋巴瘤",21.05
"956","嘉義縣溪口鄉",2007,"非何杰金氏淋巴瘤",0
"957","嘉義縣中埔鄉",2007,"非何杰金氏淋巴瘤",34.21
"958","嘉義縣新港鄉",2007,"非何杰金氏淋巴瘤",18.34
"959","嘉義縣義竹鄉",2007,"非何杰金氏淋巴瘤",18.67
"960","嘉義縣竹崎鄉",2007,"非何杰金氏淋巴瘤",76.43
"961","嘉義市東區",2007,"肺.支氣管及氣管",182.17
"962","嘉義市西區",2007,"肺.支氣管及氣管",151.57
"963","嘉義縣阿里山鄉",2007,"肺.支氣管及氣管",309.18
"964","嘉義縣布袋鎮",2007,"肺.支氣管及氣管",527.09
"965","嘉義縣大埔鄉",2007,"肺.支氣管及氣管",221.73
"966","嘉義縣大林鎮",2007,"肺.支氣管及氣管",194.78
"967","嘉義縣東石鄉",2007,"肺.支氣管及氣管",193.27
"968","嘉義縣番路鄉",2007,"肺.支氣管及氣管",69.95
"969","嘉義縣六腳鄉",2007,"肺.支氣管及氣管",204.31
"970","嘉義縣鹿草鄉",2007,"肺.支氣管及氣管",288.83
"971","嘉義縣梅山鄉",2007,"肺.支氣管及氣管",293.13
"972","嘉義縣民雄鄉",2007,"肺.支氣管及氣管",317.76
"973","嘉義縣朴子市",2007,"肺.支氣管及氣管",187.14
"974","嘉義縣水上鄉",2007,"肺.支氣管及氣管",306.26
"975","嘉義縣太保市",2007,"肺.支氣管及氣管",154.97
"976","嘉義縣溪口鄉",2007,"肺.支氣管及氣管",347.69
"977","嘉義縣中埔鄉",2007,"肺.支氣管及氣管",370.75
"978","嘉義縣新港鄉",2007,"肺.支氣管及氣管",273.87
"979","嘉義縣義竹鄉",2007,"肺.支氣管及氣管",276.12
"980","嘉義縣竹崎鄉",2007,"肺.支氣管及氣管",116.06
"981","嘉義市東區",2007,"肝及肝內膽管",266.35
"982","嘉義市西區",2007,"肝及肝內膽管",350.76
"983","嘉義縣阿里山鄉",2007,"肝及肝內膽管",309.18
"984","嘉義縣布袋鎮",2007,"肝及肝內膽管",262.66
"985","嘉義縣大埔鄉",2007,"肝及肝內膽管",0
"986","嘉義縣大林鎮",2007,"肝及肝內膽管",175.95
"987","嘉義縣東石鄉",2007,"肝及肝內膽管",249.78
"988","嘉義縣番路鄉",2007,"肝及肝內膽管",157.89
"989","嘉義縣六腳鄉",2007,"肝及肝內膽管",341.47
"990","嘉義縣鹿草鄉",2007,"肝及肝內膽管",475.07
"991","嘉義縣梅山鄉",2007,"肝及肝內膽管",176.91
"992","嘉義縣民雄鄉",2007,"肝及肝內膽管",218.01
"993","嘉義縣朴子市",2007,"肝及肝內膽管",293.98
"994","嘉義縣水上鄉",2007,"肝及肝內膽管",255.07
"995","嘉義縣太保市",2007,"肝及肝內膽管",285.49
"996","嘉義縣溪口鄉",2007,"肝及肝內膽管",302.16
"997","嘉義縣中埔鄉",2007,"肝及肝內膽管",277.48
"998","嘉義縣新港鄉",2007,"肝及肝內膽管",235.08
"999","嘉義縣義竹鄉",2007,"肝及肝內膽管",233.27
"1000","嘉義縣竹崎鄉",2007,"肝及肝內膽管",325.26
"1001","嘉義市東區",2007,"結腸",110.63
"1002","嘉義市西區",2007,"結腸",118.88
"1003","嘉義縣阿里山鄉",2007,"結腸",0
"1004","嘉義縣布袋鎮",2007,"結腸",322.31
"1005","嘉義縣大埔鄉",2007,"結腸",171.49
"1006","嘉義縣大林鎮",2007,"結腸",162.58
"1007","嘉義縣東石鄉",2007,"結腸",69.55
"1008","嘉義縣番路鄉",2007,"結腸",46.9
"1009","嘉義縣六腳鄉",2007,"結腸",100.8
"1010","嘉義縣鹿草鄉",2007,"結腸",97.17
"1011","嘉義縣梅山鄉",2007,"結腸",121.61
"1012","嘉義縣民雄鄉",2007,"結腸",86.05
"1013","嘉義縣朴子市",2007,"結腸",62.26
"1014","嘉義縣水上鄉",2007,"結腸",93.34
"1015","嘉義縣太保市",2007,"結腸",49.68
"1016","嘉義縣溪口鄉",2007,"結腸",58.04
"1017","嘉義縣中埔鄉",2007,"結腸",51.1
"1018","嘉義縣新港鄉",2007,"結腸",110.14
"1019","嘉義縣義竹鄉",2007,"結腸",125.85
"1020","嘉義縣竹崎鄉",2007,"結腸",85.29
"1021","嘉義市東區",2007,"口腔.口咽及下咽",29.6
"1022","嘉義市西區",2007,"口腔.口咽及下咽",46.17
"1023","嘉義縣阿里山鄉",2007,"口腔.口咽及下咽",0
"1024","嘉義縣布袋鎮",2007,"口腔.口咽及下咽",80.42
"1025","嘉義縣大埔鄉",2007,"口腔.口咽及下咽",0
"1026","嘉義縣大林鎮",2007,"口腔.口咽及下咽",20.79
"1027","嘉義縣東石鄉",2007,"口腔.口咽及下咽",0
"1028","嘉義縣番路鄉",2007,"口腔.口咽及下咽",0
"1029","嘉義縣六腳鄉",2007,"口腔.口咽及下咽",13.75
"1030","嘉義縣鹿草鄉",2007,"口腔.口咽及下咽",23.01
"1031","嘉義縣梅山鄉",2007,"口腔.口咽及下咽",72.39
"1032","嘉義縣民雄鄉",2007,"口腔.口咽及下咽",52.06
"1033","嘉義縣朴子市",2007,"口腔.口咽及下咽",0
"1034","嘉義縣水上鄉",2007,"口腔.口咽及下咽",91.07
"1035","嘉義縣太保市",2007,"口腔.口咽及下咽",52.65
"1036","嘉義縣溪口鄉",2007,"口腔.口咽及下咽",57.92
"1037","嘉義縣中埔鄉",2007,"口腔.口咽及下咽",19.61
"1038","嘉義縣新港鄉",2007,"口腔.口咽及下咽",15.82
"1039","嘉義縣義竹鄉",2007,"口腔.口咽及下咽",136.57
"1040","嘉義縣竹崎鄉",2007,"口腔.口咽及下咽",68.1
"1041","嘉義市東區",2007,"卵巢.輸卵管及寬韌帶",0
"1042","嘉義市西區",2007,"卵巢.輸卵管及寬韌帶",41.81
"1043","嘉義縣阿里山鄉",2007,"卵巢.輸卵管及寬韌帶",0
"1044","嘉義縣布袋鎮",2007,"卵巢.輸卵管及寬韌帶",0
"1045","嘉義縣大埔鄉",2007,"卵巢.輸卵管及寬韌帶",0
"1046","嘉義縣大林鎮",2007,"卵巢.輸卵管及寬韌帶",55.26
"1047","嘉義縣東石鄉",2007,"卵巢.輸卵管及寬韌帶",32.09
"1048","嘉義縣番路鄉",2007,"卵巢.輸卵管及寬韌帶",0
"1049","嘉義縣六腳鄉",2007,"卵巢.輸卵管及寬韌帶",0
"1050","嘉義縣鹿草鄉",2007,"卵巢.輸卵管及寬韌帶",74.5
"1051","嘉義縣梅山鄉",2007,"卵巢.輸卵管及寬韌帶",0
"1052","嘉義縣民雄鄉",2007,"卵巢.輸卵管及寬韌帶",0
"1053","嘉義縣朴子市",2007,"卵巢.輸卵管及寬韌帶",0
"1054","嘉義縣水上鄉",2007,"卵巢.輸卵管及寬韌帶",0
"1055","嘉義縣太保市",2007,"卵巢.輸卵管及寬韌帶",0
"1056","嘉義縣溪口鄉",2007,"卵巢.輸卵管及寬韌帶",0
"1057","嘉義縣中埔鄉",2007,"卵巢.輸卵管及寬韌帶",0
"1058","嘉義縣新港鄉",2007,"卵巢.輸卵管及寬韌帶",0
"1059","嘉義縣義竹鄉",2007,"卵巢.輸卵管及寬韌帶",32.9
"1060","嘉義縣竹崎鄉",2007,"卵巢.輸卵管及寬韌帶",0
"1061","嘉義市東區",2007,"女性乳房",83.21
"1062","嘉義市西區",2007,"女性乳房",89.04
"1063","嘉義縣阿里山鄉",2007,"女性乳房",0
"1064","嘉義縣布袋鎮",2007,"女性乳房",104.16
"1065","嘉義縣大埔鄉",2007,"女性乳房",0
"1066","嘉義縣大林鎮",2007,"女性乳房",32.96
"1067","嘉義縣東石鄉",2007,"女性乳房",0
"1068","嘉義縣番路鄉",2007,"女性乳房",77.84
"1069","嘉義縣六腳鄉",2007,"女性乳房",0
"1070","嘉義縣鹿草鄉",2007,"女性乳房",86.54
"1071","嘉義縣梅山鄉",2007,"女性乳房",104.24
"1072","嘉義縣民雄鄉",2007,"女性乳房",85.69
"1073","嘉義縣朴子市",2007,"女性乳房",0
"1074","嘉義縣水上鄉",2007,"女性乳房",66.28
"1075","嘉義縣太保市",2007,"女性乳房",93.75
"1076","嘉義縣溪口鄉",2007,"女性乳房",0
"1077","嘉義縣中埔鄉",2007,"女性乳房",165.74
"1078","嘉義縣新港鄉",2007,"女性乳房",27.72
"1079","嘉義縣義竹鄉",2007,"女性乳房",55.6
"1080","嘉義縣竹崎鄉",2007,"女性乳房",102.05
"1081","嘉義市東區",2007,"攝護腺",223.17
"1082","嘉義市西區",2007,"攝護腺",184.83
"1083","嘉義縣阿里山鄉",2007,"攝護腺",0
"1084","嘉義縣布袋鎮",2007,"攝護腺",94.98
"1085","嘉義縣大埔鄉",2007,"攝護腺",0
"1086","嘉義縣大林鎮",2007,"攝護腺",190.57
"1087","嘉義縣東石鄉",2007,"攝護腺",193.25
"1088","嘉義縣番路鄉",2007,"攝護腺",329.6
"1089","嘉義縣六腳鄉",2007,"攝護腺",71.27
"1090","嘉義縣鹿草鄉",2007,"攝護腺",109.93
"1091","嘉義縣梅山鄉",2007,"攝護腺",0
"1092","嘉義縣民雄鄉",2007,"攝護腺",175.29
"1093","嘉義縣朴子市",2007,"攝護腺",216.88
"1094","嘉義縣水上鄉",2007,"攝護腺",195.35
"1095","嘉義縣太保市",2007,"攝護腺",0
"1096","嘉義縣溪口鄉",2007,"攝護腺",260.06
"1097","嘉義縣中埔鄉",2007,"攝護腺",227.05
"1098","嘉義縣新港鄉",2007,"攝護腺",123.54
"1099","嘉義縣義竹鄉",2007,"攝護腺",206.94
"1100","嘉義縣竹崎鄉",2007,"攝護腺",117.18
"1101","嘉義市東區",2007,"食道",27.51
"1102","嘉義市西區",2007,"食道",15.72
"1103","嘉義縣阿里山鄉",2007,"食道",0
"1104","嘉義縣布袋鎮",2007,"食道",19.7
"1105","嘉義縣大埔鄉",2007,"食道",0
"1106","嘉義縣大林鎮",2007,"食道",55.38
"1107","嘉義縣東石鄉",2007,"食道",17.33
"1108","嘉義縣番路鄉",2007,"食道",0
"1109","嘉義縣六腳鄉",2007,"食道",0
"1110","嘉義縣鹿草鄉",2007,"食道",0
"1111","嘉義縣梅山鄉",2007,"食道",31.22
"1112","嘉義縣民雄鄉",2007,"食道",0
"1113","嘉義縣朴子市",2007,"食道",0
"1114","嘉義縣水上鄉",2007,"食道",26.32
"1115","嘉義縣太保市",2007,"食道",0
"1116","嘉義縣溪口鄉",2007,"食道",28.1
"1117","嘉義縣中埔鄉",2007,"食道",35.35
"1118","嘉義縣新港鄉",2007,"食道",32.4
"1119","嘉義縣義竹鄉",2007,"食道",0
"1120","嘉義縣竹崎鄉",2007,"食道",0
"1121","嘉義市東區",2007,"胃",46.55
"1122","嘉義市西區",2007,"胃",25.8
"1123","嘉義縣阿里山鄉",2007,"胃",139.01
"1124","嘉義縣布袋鎮",2007,"胃",42.38
"1125","嘉義縣大埔鄉",2007,"胃",0
"1126","嘉義縣大林鎮",2007,"胃",51.65
"1127","嘉義縣東石鄉",2007,"胃",104.77
"1128","嘉義縣番路鄉",2007,"胃",0
"1129","嘉義縣六腳鄉",2007,"胃",25.27
"1130","嘉義縣鹿草鄉",2007,"胃",23.91
"1131","嘉義縣梅山鄉",2007,"胃",47.54
"1132","嘉義縣民雄鄉",2007,"胃",72.14
"1133","嘉義縣朴子市",2007,"胃",40.42
"1134","嘉義縣水上鄉",2007,"胃",56.08
"1135","嘉義縣太保市",2007,"胃",76.38
"1136","嘉義縣溪口鄉",2007,"胃",28.21
"1137","嘉義縣中埔鄉",2007,"胃",35.66
"1138","嘉義縣新港鄉",2007,"胃",52.47
"1139","嘉義縣義竹鄉",2007,"胃",76.44
"1140","嘉義縣竹崎鄉",2007,"胃",33.67
"1141","嘉義市東區",2007,"胰",34.5
"1142","嘉義市西區",2007,"胰",26.03
"1143","嘉義縣阿里山鄉",2007,"胰",0
"1144","嘉義縣布袋鎮",2007,"胰",58.91
"1145","嘉義縣大埔鄉",2007,"胰",0
"1146","嘉義縣大林鎮",2007,"胰",30.86
"1147","嘉義縣東石鄉",2007,"胰",49.69
"1148","嘉義縣番路鄉",2007,"胰",46.9
"1149","嘉義縣六腳鄉",2007,"胰",34.99
"1150","嘉義縣鹿草鄉",2007,"胰",0
"1151","嘉義縣梅山鄉",2007,"胰",25.72
"1152","嘉義縣民雄鄉",2007,"胰",11.7
"1153","嘉義縣朴子市",2007,"胰",46.14
"1154","嘉義縣水上鄉",2007,"胰",41.52
"1155","嘉義縣太保市",2007,"胰",49.68
"1156","嘉義縣溪口鄉",2007,"胰",59.24
"1157","嘉義縣中埔鄉",2007,"胰",14.6
"1158","嘉義縣新港鄉",2007,"胰",16.58
"1159","嘉義縣義竹鄉",2007,"胰",18.67
"1160","嘉義縣竹崎鄉",2007,"胰",36.41
"1161","嘉義市東區",2007,"直腸與肛門",111.69
"1162","嘉義市西區",2007,"直腸與肛門",117.91
"1163","嘉義縣阿里山鄉",2007,"直腸與肛門",139.01
"1164","嘉義縣布袋鎮",2007,"直腸與肛門",134.46
"1165","嘉義縣大埔鄉",2007,"直腸與肛門",0
"1166","嘉義縣大林鎮",2007,"直腸與肛門",133.62
"1167","嘉義縣東石鄉",2007,"直腸與肛門",140.99
"1168","嘉義縣番路鄉",2007,"直腸與肛門",87.94
"1169","嘉義縣六腳鄉",2007,"直腸與肛門",65.06
"1170","嘉義縣鹿草鄉",2007,"直腸與肛門",33.32
"1171","嘉義縣梅山鄉",2007,"直腸與肛門",244.74
"1172","嘉義縣民雄鄉",2007,"直腸與肛門",95.38
"1173","嘉義縣朴子市",2007,"直腸與肛門",72
"1174","嘉義縣水上鄉",2007,"直腸與肛門",84.68
"1175","嘉義縣太保市",2007,"直腸與肛門",70.3
"1176","嘉義縣溪口鄉",2007,"直腸與肛門",147.51
"1177","嘉義縣中埔鄉",2007,"直腸與肛門",100.21
"1178","嘉義縣新港鄉",2007,"直腸與肛門",52.39
"1179","嘉義縣義竹鄉",2007,"直腸與肛門",108.14
"1180","嘉義縣竹崎鄉",2007,"直腸與肛門",49.77
"1181","嘉義市東區",2007,"子宮頸",53.81
"1182","嘉義市西區",2007,"子宮頸",12.2
"1183","嘉義縣阿里山鄉",2007,"子宮頸",0
"1184","嘉義縣布袋鎮",2007,"子宮頸",33.04
"1185","嘉義縣大埔鄉",2007,"子宮頸",0
"1186","嘉義縣大林鎮",2007,"子宮頸",0
"1187","嘉義縣東石鄉",2007,"子宮頸",0
"1188","嘉義縣番路鄉",2007,"子宮頸",0
"1189","嘉義縣六腳鄉",2007,"子宮頸",53.73
"1190","嘉義縣鹿草鄉",2007,"子宮頸",0
"1191","嘉義縣梅山鄉",2007,"子宮頸",128.37
"1192","嘉義縣民雄鄉",2007,"子宮頸",19.62
"1193","嘉義縣朴子市",2007,"子宮頸",56.13
"1194","嘉義縣水上鄉",2007,"子宮頸",87.08
"1195","嘉義縣太保市",2007,"子宮頸",0
"1196","嘉義縣溪口鄉",2007,"子宮頸",153.73
"1197","嘉義縣中埔鄉",2007,"子宮頸",0
"1198","嘉義縣新港鄉",2007,"子宮頸",0
"1199","嘉義縣義竹鄉",2007,"子宮頸",55.6
"1200","嘉義縣竹崎鄉",2007,"子宮頸",31.31
"1201","嘉義市東區",2008,"白血病",46.42
"1202","嘉義市西區",2008,"白血病",19.44
"1203","嘉義縣阿里山鄉",2008,"白血病",0
"1204","嘉義縣布袋鎮",2008,"白血病",24.39
"1205","嘉義縣大埔鄉",2008,"白血病",0
"1206","嘉義縣大林鎮",2008,"白血病",71.07
"1207","嘉義縣東石鄉",2008,"白血病",13.97
"1208","嘉義縣番路鄉",2008,"白血病",0
"1209","嘉義縣六腳鄉",2008,"白血病",54.54
"1210","嘉義縣鹿草鄉",2008,"白血病",22.31
"1211","嘉義縣梅山鄉",2008,"白血病",21.8
"1212","嘉義縣民雄鄉",2008,"白血病",29.76
"1213","嘉義縣朴子市",2008,"白血病",27.17
"1214","嘉義縣水上鄉",2008,"白血病",32.3
"1215","嘉義縣太保市",2008,"白血病",0
"1216","嘉義縣溪口鄉",2008,"白血病",0
"1217","嘉義縣中埔鄉",2008,"白血病",0
"1218","嘉義縣新港鄉",2008,"白血病",15.98
"1219","嘉義縣義竹鄉",2008,"白血病",38.27
"1220","嘉義縣竹崎鄉",2008,"白血病",18.11
"1221","嘉義市東區",2008,"膀胱",49.02
"1222","嘉義市西區",2008,"膀胱",64.03
"1223","嘉義縣阿里山鄉",2008,"膀胱",0
"1224","嘉義縣布袋鎮",2008,"膀胱",248.71
"1225","嘉義縣大埔鄉",2008,"膀胱",0
"1226","嘉義縣大林鎮",2008,"膀胱",21.56
"1227","嘉義縣東石鄉",2008,"膀胱",30.31
"1228","嘉義縣番路鄉",2008,"膀胱",0
"1229","嘉義縣六腳鄉",2008,"膀胱",114.19
"1230","嘉義縣鹿草鄉",2008,"膀胱",22.31
"1231","嘉義縣梅山鄉",2008,"膀胱",0
"1232","嘉義縣民雄鄉",2008,"膀胱",30.26
"1233","嘉義縣朴子市",2008,"膀胱",27.17
"1234","嘉義縣水上鄉",2008,"膀胱",26.14
"1235","嘉義縣太保市",2008,"膀胱",45.57
"1236","嘉義縣溪口鄉",2008,"膀胱",80.82
"1237","嘉義縣中埔鄉",2008,"膀胱",108.39
"1238","嘉義縣新港鄉",2008,"膀胱",31.44
"1239","嘉義縣義竹鄉",2008,"膀胱",186.18
"1240","嘉義縣竹崎鄉",2008,"膀胱",56.15
"1241","嘉義市東區",2008,"非何杰金氏淋巴瘤",19.71
"1242","嘉義市西區",2008,"非何杰金氏淋巴瘤",34.47
"1243","嘉義縣阿里山鄉",2008,"非何杰金氏淋巴瘤",0
"1244","嘉義縣布袋鎮",2008,"非何杰金氏淋巴瘤",0
"1245","嘉義縣大埔鄉",2008,"非何杰金氏淋巴瘤",0
"1246","嘉義縣大林鎮",2008,"非何杰金氏淋巴瘤",48.96
"1247","嘉義縣東石鄉",2008,"非何杰金氏淋巴瘤",30.31
"1248","嘉義縣番路鄉",2008,"非何杰金氏淋巴瘤",44.89
"1249","嘉義縣六腳鄉",2008,"非何杰金氏淋巴瘤",12.86
"1250","嘉義縣鹿草鄉",2008,"非何杰金氏淋巴瘤",0
"1251","嘉義縣梅山鄉",2008,"非何杰金氏淋巴瘤",0
"1252","嘉義縣民雄鄉",2008,"非何杰金氏淋巴瘤",0
"1253","嘉義縣朴子市",2008,"非何杰金氏淋巴瘤",0
"1254","嘉義縣水上鄉",2008,"非何杰金氏淋巴瘤",44.07
"1255","嘉義縣太保市",2008,"非何杰金氏淋巴瘤",0
"1256","嘉義縣溪口鄉",2008,"非何杰金氏淋巴瘤",0
"1257","嘉義縣中埔鄉",2008,"非何杰金氏淋巴瘤",47.53
"1258","嘉義縣新港鄉",2008,"非何杰金氏淋巴瘤",31.61
"1259","嘉義縣義竹鄉",2008,"非何杰金氏淋巴瘤",18.63
"1260","嘉義縣竹崎鄉",2008,"非何杰金氏淋巴瘤",16.49
"1261","嘉義市東區",2008,"肺.支氣管及氣管",224.94
"1262","嘉義市西區",2008,"肺.支氣管及氣管",182.83
"1263","嘉義縣阿里山鄉",2008,"肺.支氣管及氣管",122.77
"1264","嘉義縣布袋鎮",2008,"肺.支氣管及氣管",423.53
"1265","嘉義縣大埔鄉",2008,"肺.支氣管及氣管",0
"1266","嘉義縣大林鎮",2008,"肺.支氣管及氣管",351.61
"1267","嘉義縣東石鄉",2008,"肺.支氣管及氣管",359.93
"1268","嘉義縣番路鄉",2008,"肺.支氣管及氣管",349.14
"1269","嘉義縣六腳鄉",2008,"肺.支氣管及氣管",221.26
"1270","嘉義縣鹿草鄉",2008,"肺.支氣管及氣管",230.99
"1271","嘉義縣梅山鄉",2008,"肺.支氣管及氣管",272.72
"1272","嘉義縣民雄鄉",2008,"肺.支氣管及氣管",258.37
"1273","嘉義縣朴子市",2008,"肺.支氣管及氣管",270.26
"1274","嘉義縣水上鄉",2008,"肺.支氣管及氣管",268.08
"1275","嘉義縣太保市",2008,"肺.支氣管及氣管",354.79
"1276","嘉義縣溪口鄉",2008,"肺.支氣管及氣管",388.89
"1277","嘉義縣中埔鄉",2008,"肺.支氣管及氣管",216.47
"1278","嘉義縣新港鄉",2008,"肺.支氣管及氣管",247.41
"1279","嘉義縣義竹鄉",2008,"肺.支氣管及氣管",197.93
"1280","嘉義縣竹崎鄉",2008,"肺.支氣管及氣管",189.86
"1281","嘉義市東區",2008,"肝及肝內膽管",227.93
"1282","嘉義市西區",2008,"肝及肝內膽管",316
"1283","嘉義縣阿里山鄉",2008,"肝及肝內膽管",286.91
"1284","嘉義縣布袋鎮",2008,"肝及肝內膽管",233.02
"1285","嘉義縣大埔鄉",2008,"肝及肝內膽管",225.84
"1286","嘉義縣大林鎮",2008,"肝及肝內膽管",214.27
"1287","嘉義縣東石鄉",2008,"肝及肝內膽管",395.96
"1288","嘉義縣番路鄉",2008,"肝及肝內膽管",220.06
"1289","嘉義縣六腳鄉",2008,"肝及肝內膽管",253.48
"1290","嘉義縣鹿草鄉",2008,"肝及肝內膽管",195.2
"1291","嘉義縣梅山鄉",2008,"肝及肝內膽管",130.31
"1292","嘉義縣民雄鄉",2008,"肝及肝內膽管",185.12
"1293","嘉義縣朴子市",2008,"肝及肝內膽管",169.39
"1294","嘉義縣水上鄉",2008,"肝及肝內膽管",194.85
"1295","嘉義縣太保市",2008,"肝及肝內膽管",376.49
"1296","嘉義縣溪口鄉",2008,"肝及肝內膽管",344.99
"1297","嘉義縣中埔鄉",2008,"肝及肝內膽管",352.73
"1298","嘉義縣新港鄉",2008,"肝及肝內膽管",345.92
"1299","嘉義縣義竹鄉",2008,"肝及肝內膽管",442.67
"1300","嘉義縣竹崎鄉",2008,"肝及肝內膽管",331.92
"1301","嘉義市東區",2008,"結腸",108.99
"1302","嘉義市西區",2008,"結腸",238.83
"1303","嘉義縣阿里山鄉",2008,"結腸",0
"1304","嘉義縣布袋鎮",2008,"結腸",58.69
"1305","嘉義縣大埔鄉",2008,"結腸",0
"1306","嘉義縣大林鎮",2008,"結腸",205.87
"1307","嘉義縣東石鄉",2008,"結腸",59.26
"1308","嘉義縣番路鄉",2008,"結腸",103.3
"1309","嘉義縣六腳鄉",2008,"結腸",58.64
"1310","嘉義縣鹿草鄉",2008,"結腸",71.31
"1311","嘉義縣梅山鄉",2008,"結腸",201.46
"1312","嘉義縣民雄鄉",2008,"結腸",115.23
"1313","嘉義縣朴子市",2008,"結腸",201.67
"1314","嘉義縣水上鄉",2008,"結腸",151.93
"1315","嘉義縣太保市",2008,"結腸",262.23
"1316","嘉義縣溪口鄉",2008,"結腸",99.36
"1317","嘉義縣中埔鄉",2008,"結腸",134.8
"1318","嘉義縣新港鄉",2008,"結腸",105.99
"1319","嘉義縣義竹鄉",2008,"結腸",190.81
"1320","嘉義縣竹崎鄉",2008,"結腸",81.27
"1321","嘉義市東區",2008,"口腔.口咽及下咽",79.66
"1322","嘉義市西區",2008,"口腔.口咽及下咽",63.66
"1323","嘉義縣阿里山鄉",2008,"口腔.口咽及下咽",0
"1324","嘉義縣布袋鎮",2008,"口腔.口咽及下咽",57.14
"1325","嘉義縣大埔鄉",2008,"口腔.口咽及下咽",0
"1326","嘉義縣大林鎮",2008,"口腔.口咽及下咽",70.51
"1327","嘉義縣東石鄉",2008,"口腔.口咽及下咽",104.97
"1328","嘉義縣番路鄉",2008,"口腔.口咽及下咽",133.44
"1329","嘉義縣六腳鄉",2008,"口腔.口咽及下咽",31.21
"1330","嘉義縣鹿草鄉",2008,"口腔.口咽及下咽",34.88
"1331","嘉義縣梅山鄉",2008,"口腔.口咽及下咽",202.96
"1332","嘉義縣民雄鄉",2008,"口腔.口咽及下咽",84.08
"1333","嘉義縣朴子市",2008,"口腔.口咽及下咽",96.03
"1334","嘉義縣水上鄉",2008,"口腔.口咽及下咽",57.48
"1335","嘉義縣太保市",2008,"口腔.口咽及下咽",142.9
"1336","嘉義縣溪口鄉",2008,"口腔.口咽及下咽",72.81
"1337","嘉義縣中埔鄉",2008,"口腔.口咽及下咽",83.91
"1338","嘉義縣新港鄉",2008,"口腔.口咽及下咽",47.94
"1339","嘉義縣義竹鄉",2008,"口腔.口咽及下咽",0
"1340","嘉義縣竹崎鄉",2008,"口腔.口咽及下咽",51.73
"1341","嘉義市東區",2008,"卵巢.輸卵管及寬韌帶",12.15
"1342","嘉義市西區",2008,"卵巢.輸卵管及寬韌帶",14.8
"1343","嘉義縣阿里山鄉",2008,"卵巢.輸卵管及寬韌帶",0
"1344","嘉義縣布袋鎮",2008,"卵巢.輸卵管及寬韌帶",0
"1345","嘉義縣大埔鄉",2008,"卵巢.輸卵管及寬韌帶",342.99
"1346","嘉義縣大林鎮",2008,"卵巢.輸卵管及寬韌帶",0
"1347","嘉義縣東石鄉",2008,"卵巢.輸卵管及寬韌帶",0
"1348","嘉義縣番路鄉",2008,"卵巢.輸卵管及寬韌帶",0
"1349","嘉義縣六腳鄉",2008,"卵巢.輸卵管及寬韌帶",44.67
"1350","嘉義縣鹿草鄉",2008,"卵巢.輸卵管及寬韌帶",0
"1351","嘉義縣梅山鄉",2008,"卵巢.輸卵管及寬韌帶",0
"1352","嘉義縣民雄鄉",2008,"卵巢.輸卵管及寬韌帶",0
"1353","嘉義縣朴子市",2008,"卵巢.輸卵管及寬韌帶",36.92
"1354","嘉義縣水上鄉",2008,"卵巢.輸卵管及寬韌帶",0
"1355","嘉義縣太保市",2008,"卵巢.輸卵管及寬韌帶",46.34
"1356","嘉義縣溪口鄉",2008,"卵巢.輸卵管及寬韌帶",0
"1357","嘉義縣中埔鄉",2008,"卵巢.輸卵管及寬韌帶",0
"1358","嘉義縣新港鄉",2008,"卵巢.輸卵管及寬韌帶",0
"1359","嘉義縣義竹鄉",2008,"卵巢.輸卵管及寬韌帶",38.83
"1360","嘉義縣竹崎鄉",2008,"卵巢.輸卵管及寬韌帶",0
"1361","嘉義市東區",2008,"女性乳房",152.7
"1362","嘉義市西區",2008,"女性乳房",91.62
"1363","嘉義縣阿里山鄉",2008,"女性乳房",0
"1364","嘉義縣布袋鎮",2008,"女性乳房",75.89
"1365","嘉義縣大埔鄉",2008,"女性乳房",0
"1366","嘉義縣大林鎮",2008,"女性乳房",173.3
"1367","嘉義縣東石鄉",2008,"女性乳房",79.97
"1368","嘉義縣番路鄉",2008,"女性乳房",0
"1369","嘉義縣六腳鄉",2008,"女性乳房",34.71
"1370","嘉義縣鹿草鄉",2008,"女性乳房",0
"1371","嘉義縣梅山鄉",2008,"女性乳房",66.28
"1372","嘉義縣民雄鄉",2008,"女性乳房",21.9
"1373","嘉義縣朴子市",2008,"女性乳房",93.4
"1374","嘉義縣水上鄉",2008,"女性乳房",0
"1375","嘉義縣太保市",2008,"女性乳房",0
"1376","嘉義縣溪口鄉",2008,"女性乳房",0
"1377","嘉義縣中埔鄉",2008,"女性乳房",104.48
"1378","嘉義縣新港鄉",2008,"女性乳房",155.02
"1379","嘉義縣義竹鄉",2008,"女性乳房",0
"1380","嘉義縣竹崎鄉",2008,"女性乳房",0
"1381","嘉義市東區",2008,"攝護腺",235.4
"1382","嘉義市西區",2008,"攝護腺",203.05
"1383","嘉義縣阿里山鄉",2008,"攝護腺",0
"1384","嘉義縣布袋鎮",2008,"攝護腺",250.77
"1385","嘉義縣大埔鄉",2008,"攝護腺",406.5
"1386","嘉義縣大林鎮",2008,"攝護腺",212.76
"1387","嘉義縣東石鄉",2008,"攝護腺",421.15
"1388","嘉義縣番路鄉",2008,"攝護腺",123.07
"1389","嘉義縣六腳鄉",2008,"攝護腺",121.36
"1390","嘉義縣鹿草鄉",2008,"攝護腺",106.77
"1391","嘉義縣梅山鄉",2008,"攝護腺",0
"1392","嘉義縣民雄鄉",2008,"攝護腺",203.1
"1393","嘉義縣朴子市",2008,"攝護腺",217
"1394","嘉義縣水上鄉",2008,"攝護腺",246.25
"1395","嘉義縣太保市",2008,"攝護腺",135.84
"1396","嘉義縣溪口鄉",2008,"攝護腺",120.04
"1397","嘉義縣中埔鄉",2008,"攝護腺",261.37
"1398","嘉義縣新港鄉",2008,"攝護腺",249.19
"1399","嘉義縣義竹鄉",2008,"攝護腺",92.67
"1400","嘉義縣竹崎鄉",2008,"攝護腺",213.44
"1401","嘉義市東區",2008,"食道",6.36
"1402","嘉義市西區",2008,"食道",19.61
"1403","嘉義縣阿里山鄉",2008,"食道",0
"1404","嘉義縣布袋鎮",2008,"食道",0
"1405","嘉義縣大埔鄉",2008,"食道",0
"1406","嘉義縣大林鎮",2008,"食道",14.18
"1407","嘉義縣東石鄉",2008,"食道",24.89
"1408","嘉義縣番路鄉",2008,"食道",0
"1409","嘉義縣六腳鄉",2008,"食道",0
"1410","嘉義縣鹿草鄉",2008,"食道",0
"1411","嘉義縣梅山鄉",2008,"食道",0
"1412","嘉義縣民雄鄉",2008,"食道",43.06
"1413","嘉義縣朴子市",2008,"食道",18.95
"1414","嘉義縣水上鄉",2008,"食道",0
"1415","嘉義縣太保市",2008,"食道",24.66
"1416","嘉義縣溪口鄉",2008,"食道",26.55
"1417","嘉義縣中埔鄉",2008,"食道",33.51
"1418","嘉義縣新港鄉",2008,"食道",14.31
"1419","嘉義縣義竹鄉",2008,"食道",0
"1420","嘉義縣竹崎鄉",2008,"食道",15.06
"1421","嘉義市東區",2008,"胃",48.55
"1422","嘉義市西區",2008,"胃",57.51
"1423","嘉義縣阿里山鄉",2008,"胃",91.46
"1424","嘉義縣布袋鎮",2008,"胃",116.25
"1425","嘉義縣大埔鄉",2008,"胃",0
"1426","嘉義縣大林鎮",2008,"胃",31.47
"1427","嘉義縣東石鄉",2008,"胃",87.21
"1428","嘉義縣番路鄉",2008,"胃",0
"1429","嘉義縣六腳鄉",2008,"胃",68.03
"1430","嘉義縣鹿草鄉",2008,"胃",43.86
"1431","嘉義縣梅山鄉",2008,"胃",31.48
"1432","嘉義縣民雄鄉",2008,"胃",123.02
"1433","嘉義縣朴子市",2008,"胃",65.56
"1434","嘉義縣水上鄉",2008,"胃",71.7
"1435","嘉義縣太保市",2008,"胃",24.66
"1436","嘉義縣溪口鄉",2008,"胃",91.34
"1437","嘉義縣中埔鄉",2008,"胃",81.8
"1438","嘉義縣新港鄉",2008,"胃",37.54
"1439","嘉義縣義竹鄉",2008,"胃",140.33
"1440","嘉義縣竹崎鄉",2008,"胃",33.17
"1441","嘉義市東區",2008,"胰",79.53
"1442","嘉義市西區",2008,"胰",44.22
"1443","嘉義縣阿里山鄉",2008,"胰",122.77
"1444","嘉義縣布袋鎮",2008,"胰",75.43
"1445","嘉義縣大埔鄉",2008,"胰",0
"1446","嘉義縣大林鎮",2008,"胰",33.12
"1447","嘉義縣東石鄉",2008,"胰",0
"1448","嘉義縣番路鄉",2008,"胰",0
"1449","嘉義縣六腳鄉",2008,"胰",31.21
"1450","嘉義縣鹿草鄉",2008,"胰",0
"1451","嘉義縣梅山鄉",2008,"胰",75.02
"1452","嘉義縣民雄鄉",2008,"胰",21.59
"1453","嘉義縣朴子市",2008,"胰",34.09
"1454","嘉義縣水上鄉",2008,"胰",57.8
"1455","嘉義縣太保市",2008,"胰",71.07
"1456","嘉義縣溪口鄉",2008,"胰",0
"1457","嘉義縣中埔鄉",2008,"胰",89.18
"1458","嘉義縣新港鄉",2008,"胰",37.02
"1459","嘉義縣義竹鄉",2008,"胰",0
"1460","嘉義縣竹崎鄉",2008,"胰",50.29
"1461","嘉義市東區",2008,"直腸與肛門",100.98
"1462","嘉義市西區",2008,"直腸與肛門",127.41
"1463","嘉義縣阿里山鄉",2008,"直腸與肛門",189.56
"1464","嘉義縣布袋鎮",2008,"直腸與肛門",104.97
"1465","嘉義縣大埔鄉",2008,"直腸與肛門",469.74
"1466","嘉義縣大林鎮",2008,"直腸與肛門",217.27
"1467","嘉義縣東石鄉",2008,"直腸與肛門",175.22
"1468","嘉義縣番路鄉",2008,"直腸與肛門",0
"1469","嘉義縣六腳鄉",2008,"直腸與肛門",186.03
"1470","嘉義縣鹿草鄉",2008,"直腸與肛門",53.93
"1471","嘉義縣梅山鄉",2008,"直腸與肛門",153.91
"1472","嘉義縣民雄鄉",2008,"直腸與肛門",179.88
"1473","嘉義縣朴子市",2008,"直腸與肛門",114.17
"1474","嘉義縣水上鄉",2008,"直腸與肛門",157.55
"1475","嘉義縣太保市",2008,"直腸與肛門",154.39
"1476","嘉義縣溪口鄉",2008,"直腸與肛門",87.14
"1477","嘉義縣中埔鄉",2008,"直腸與肛門",143.6
"1478","嘉義縣新港鄉",2008,"直腸與肛門",130.08
"1479","嘉義縣義竹鄉",2008,"直腸與肛門",142.22
"1480","嘉義縣竹崎鄉",2008,"直腸與肛門",90.55
"1481","嘉義市東區",2008,"子宮頸",12.4
"1482","嘉義市西區",2008,"子宮頸",44.4
"1483","嘉義縣阿里山鄉",2008,"子宮頸",0
"1484","嘉義縣布袋鎮",2008,"子宮頸",30.19
"1485","嘉義縣大埔鄉",2008,"子宮頸",0
"1486","嘉義縣大林鎮",2008,"子宮頸",33.25
"1487","嘉義縣東石鄉",2008,"子宮頸",48.33
"1488","嘉義縣番路鄉",2008,"子宮頸",0
"1489","嘉義縣六腳鄉",2008,"子宮頸",84.55
"1490","嘉義縣鹿草鄉",2008,"子宮頸",0
"1491","嘉義縣梅山鄉",2008,"子宮頸",0
"1492","嘉義縣民雄鄉",2008,"子宮頸",19.43
"1493","嘉義縣朴子市",2008,"子宮頸",28.24
"1494","嘉義縣水上鄉",2008,"子宮頸",0
"1495","嘉義縣太保市",2008,"子宮頸",41.11
"1496","嘉義縣溪口鄉",2008,"子宮頸",204.8
"1497","嘉義縣中埔鄉",2008,"子宮頸",31.23
"1498","嘉義縣新港鄉",2008,"子宮頸",27.61
"1499","嘉義縣義竹鄉",2008,"子宮頸",0
"1500","嘉義縣竹崎鄉",2008,"子宮頸",0
"1501","嘉義市東區",2009,"白血病",38.48
"1502","嘉義市西區",2009,"白血病",13.68
"1503","嘉義縣阿里山鄉",2009,"白血病",0
"1504","嘉義縣布袋鎮",2009,"白血病",31.68
"1505","嘉義縣大埔鄉",2009,"白血病",0
"1506","嘉義縣大林鎮",2009,"白血病",66.58
"1507","嘉義縣東石鄉",2009,"白血病",13.32
"1508","嘉義縣番路鄉",2009,"白血病",0
"1509","嘉義縣六腳鄉",2009,"白血病",23.16
"1510","嘉義縣鹿草鄉",2009,"白血病",0
"1511","嘉義縣梅山鄉",2009,"白血病",22.11
"1512","嘉義縣民雄鄉",2009,"白血病",22.33
"1513","嘉義縣朴子市",2009,"白血病",58.3
"1514","嘉義縣水上鄉",2009,"白血病",28.29
"1515","嘉義縣太保市",2009,"白血病",19.99
"1516","嘉義縣溪口鄉",2009,"白血病",28.91
"1517","嘉義縣中埔鄉",2009,"白血病",49.78
"1518","嘉義縣新港鄉",2009,"白血病",13.27
"1519","嘉義縣義竹鄉",2009,"白血病",18.02
"1520","嘉義縣竹崎鄉",2009,"白血病",0
"1521","嘉義市東區",2009,"膀胱",79.28
"1522","嘉義市西區",2009,"膀胱",57.49
"1523","嘉義縣阿里山鄉",2009,"膀胱",0
"1524","嘉義縣布袋鎮",2009,"膀胱",92.52
"1525","嘉義縣大埔鄉",2009,"膀胱",0
"1526","嘉義縣大林鎮",2009,"膀胱",46.97
"1527","嘉義縣東石鄉",2009,"膀胱",0
"1528","嘉義縣番路鄉",2009,"膀胱",57.21
"1529","嘉義縣六腳鄉",2009,"膀胱",134.83
"1530","嘉義縣鹿草鄉",2009,"膀胱",21.03
"1531","嘉義縣梅山鄉",2009,"膀胱",20.25
"1532","嘉義縣民雄鄉",2009,"膀胱",65.56
"1533","嘉義縣朴子市",2009,"膀胱",22.65
"1534","嘉義縣水上鄉",2009,"膀胱",49.58
"1535","嘉義縣太保市",2009,"膀胱",0
"1536","嘉義縣溪口鄉",2009,"膀胱",0
"1537","嘉義縣中埔鄉",2009,"膀胱",19.64
"1538","嘉義縣新港鄉",2009,"膀胱",46.17
"1539","嘉義縣義竹鄉",2009,"膀胱",99.27
"1540","嘉義縣竹崎鄉",2009,"膀胱",26.96
"1541","嘉義市東區",2009,"非何杰金氏淋巴瘤",39.95
"1542","嘉義市西區",2009,"非何杰金氏淋巴瘤",6.78
"1543","嘉義縣阿里山鄉",2009,"非何杰金氏淋巴瘤",0
"1544","嘉義縣布袋鎮",2009,"非何杰金氏淋巴瘤",17.07
"1545","嘉義縣大埔鄉",2009,"非何杰金氏淋巴瘤",0
"1546","嘉義縣大林鎮",2009,"非何杰金氏淋巴瘤",31.11
"1547","嘉義縣東石鄉",2009,"非何杰金氏淋巴瘤",31.31
"1548","嘉義縣番路鄉",2009,"非何杰金氏淋巴瘤",0
"1549","嘉義縣六腳鄉",2009,"非何杰金氏淋巴瘤",0
"1550","嘉義縣鹿草鄉",2009,"非何杰金氏淋巴瘤",27.92
"1551","嘉義縣梅山鄉",2009,"非何杰金氏淋巴瘤",58.64
"1552","嘉義縣民雄鄉",2009,"非何杰金氏淋巴瘤",11.57
"1553","嘉義縣朴子市",2009,"非何杰金氏淋巴瘤",38.76
"1554","嘉義縣水上鄉",2009,"非何杰金氏淋巴瘤",67.22
"1555","嘉義縣太保市",2009,"非何杰金氏淋巴瘤",19.99
"1556","嘉義縣溪口鄉",2009,"非何杰金氏淋巴瘤",0
"1557","嘉義縣中埔鄉",2009,"非何杰金氏淋巴瘤",33.02
"1558","嘉義縣新港鄉",2009,"非何杰金氏淋巴瘤",84.37
"1559","嘉義縣義竹鄉",2009,"非何杰金氏淋巴瘤",0
"1560","嘉義縣竹崎鄉",2009,"非何杰金氏淋巴瘤",30.05
"1561","嘉義市東區",2009,"肺.支氣管及氣管",220.02
"1562","嘉義市西區",2009,"肺.支氣管及氣管",149.76
"1563","嘉義縣阿里山鄉",2009,"肺.支氣管及氣管",0
"1564","嘉義縣布袋鎮",2009,"肺.支氣管及氣管",369.67
"1565","嘉義縣大埔鄉",2009,"肺.支氣管及氣管",0
"1566","嘉義縣大林鎮",2009,"肺.支氣管及氣管",305.5
"1567","嘉義縣東石鄉",2009,"肺.支氣管及氣管",405.91
"1568","嘉義縣番路鄉",2009,"肺.支氣管及氣管",254.52
"1569","嘉義縣六腳鄉",2009,"肺.支氣管及氣管",281.04
"1570","嘉義縣鹿草鄉",2009,"肺.支氣管及氣管",282.22
"1571","嘉義縣梅山鄉",2009,"肺.支氣管及氣管",294.39
"1572","嘉義縣民雄鄉",2009,"肺.支氣管及氣管",211.15
"1573","嘉義縣朴子市",2009,"肺.支氣管及氣管",393.72
"1574","嘉義縣水上鄉",2009,"肺.支氣管及氣管",337.69
"1575","嘉義縣太保市",2009,"肺.支氣管及氣管",417.26
"1576","嘉義縣溪口鄉",2009,"肺.支氣管及氣管",276.23
"1577","嘉義縣中埔鄉",2009,"肺.支氣管及氣管",411.36
"1578","嘉義縣新港鄉",2009,"肺.支氣管及氣管",460.32
"1579","嘉義縣義竹鄉",2009,"肺.支氣管及氣管",292
"1580","嘉義縣竹崎鄉",2009,"肺.支氣管及氣管",151.81
"1581","嘉義市東區",2009,"肝及肝內膽管",403.8
"1582","嘉義市西區",2009,"肝及肝內膽管",465.47
"1583","嘉義縣阿里山鄉",2009,"肝及肝內膽管",318.69
"1584","嘉義縣布袋鎮",2009,"肝及肝內膽管",155.33
"1585","嘉義縣大埔鄉",2009,"肝及肝內膽管",225.84
"1586","嘉義縣大林鎮",2009,"肝及肝內膽管",207.69
"1587","嘉義縣東石鄉",2009,"肝及肝內膽管",301.08
"1588","嘉義縣番路鄉",2009,"肝及肝內膽管",114.14
"1589","嘉義縣六腳鄉",2009,"肝及肝內膽管",149.11
"1590","嘉義縣鹿草鄉",2009,"肝及肝內膽管",331.3
"1591","嘉義縣梅山鄉",2009,"肝及肝內膽管",153.29
"1592","嘉義縣民雄鄉",2009,"肝及肝內膽管",341.97
"1593","嘉義縣朴子市",2009,"肝及肝內膽管",312.46
"1594","嘉義縣水上鄉",2009,"肝及肝內膽管",307.03
"1595","嘉義縣太保市",2009,"肝及肝內膽管",320.26
"1596","嘉義縣溪口鄉",2009,"肝及肝內膽管",429.25
"1597","嘉義縣中埔鄉",2009,"肝及肝內膽管",276.83
"1598","嘉義縣新港鄉",2009,"肝及肝內膽管",269.05
"1599","嘉義縣義竹鄉",2009,"肝及肝內膽管",425.21
"1600","嘉義縣竹崎鄉",2009,"肝及肝內膽管",436.42
"1601","嘉義市東區",2009,"結腸",125.05
"1602","嘉義市西區",2009,"結腸",139.46
"1603","嘉義縣阿里山鄉",2009,"結腸",0
"1604","嘉義縣布袋鎮",2009,"結腸",185.26
"1605","嘉義縣大埔鄉",2009,"結腸",174.22
"1606","嘉義縣大林鎮",2009,"結腸",103.58
"1607","嘉義縣東石鄉",2009,"結腸",67.94
"1608","嘉義縣番路鄉",2009,"結腸",0
"1609","嘉義縣六腳鄉",2009,"結腸",161.76
"1610","嘉義縣鹿草鄉",2009,"結腸",96.69
"1611","嘉義縣梅山鄉",2009,"結腸",109.36
"1612","嘉義縣民雄鄉",2009,"結腸",86.64
"1613","嘉義縣朴子市",2009,"結腸",167.34
"1614","嘉義縣水上鄉",2009,"結腸",116.22
"1615","嘉義縣太保市",2009,"結腸",19.67
"1616","嘉義縣溪口鄉",2009,"結腸",109.24
"1617","嘉義縣中埔鄉",2009,"結腸",117.7
"1618","嘉義縣新港鄉",2009,"結腸",167.26
"1619","嘉義縣義竹鄉",2009,"結腸",83.34
"1620","嘉義縣竹崎鄉",2009,"結腸",126.2
"1621","嘉義市東區",2009,"口腔.口咽及下咽",105.98
"1622","嘉義市西區",2009,"口腔.口咽及下咽",80.86
"1623","嘉義縣阿里山鄉",2009,"口腔.口咽及下咽",141.95
"1624","嘉義縣布袋鎮",2009,"口腔.口咽及下咽",139.1
"1625","嘉義縣大埔鄉",2009,"口腔.口咽及下咽",174.22
"1626","嘉義縣大林鎮",2009,"口腔.口咽及下咽",68.88
"1627","嘉義縣東石鄉",2009,"口腔.口咽及下咽",52.45
"1628","嘉義縣番路鄉",2009,"口腔.口咽及下咽",43.55
"1629","嘉義縣六腳鄉",2009,"口腔.口咽及下咽",65.05
"1630","嘉義縣鹿草鄉",2009,"口腔.口咽及下咽",0
"1631","嘉義縣梅山鄉",2009,"口腔.口咽及下咽",33.26
"1632","嘉義縣民雄鄉",2009,"口腔.口咽及下咽",82.41
"1633","嘉義縣朴子市",2009,"口腔.口咽及下咽",70.27
"1634","嘉義縣水上鄉",2009,"口腔.口咽及下咽",46.81
"1635","嘉義縣太保市",2009,"口腔.口咽及下咽",157.52
"1636","嘉義縣溪口鄉",2009,"口腔.口咽及下咽",148.45
"1637","嘉義縣中埔鄉",2009,"口腔.口咽及下咽",79.92
"1638","嘉義縣新港鄉",2009,"口腔.口咽及下咽",16.45
"1639","嘉義縣義竹鄉",2009,"口腔.口咽及下咽",32.26
"1640","嘉義縣竹崎鄉",2009,"口腔.口咽及下咽",113.02
"1641","嘉義市東區",2009,"卵巢.輸卵管及寬韌帶",27.15
"1642","嘉義市西區",2009,"卵巢.輸卵管及寬韌帶",0
"1643","嘉義縣阿里山鄉",2009,"卵巢.輸卵管及寬韌帶",0
"1644","嘉義縣布袋鎮",2009,"卵巢.輸卵管及寬韌帶",0
"1645","嘉義縣大埔鄉",2009,"卵巢.輸卵管及寬韌帶",0
"1646","嘉義縣大林鎮",2009,"卵巢.輸卵管及寬韌帶",0
"1647","嘉義縣東石鄉",2009,"卵巢.輸卵管及寬韌帶",0
"1648","嘉義縣番路鄉",2009,"卵巢.輸卵管及寬韌帶",0
"1649","嘉義縣六腳鄉",2009,"卵巢.輸卵管及寬韌帶",0
"1650","嘉義縣鹿草鄉",2009,"卵巢.輸卵管及寬韌帶",0
"1651","嘉義縣梅山鄉",2009,"卵巢.輸卵管及寬韌帶",36.66
"1652","嘉義縣民雄鄉",2009,"卵巢.輸卵管及寬韌帶",28.47
"1653","嘉義縣朴子市",2009,"卵巢.輸卵管及寬韌帶",29
"1654","嘉義縣水上鄉",2009,"卵巢.輸卵管及寬韌帶",0
"1655","嘉義縣太保市",2009,"卵巢.輸卵管及寬韌帶",34.91
"1656","嘉義縣溪口鄉",2009,"卵巢.輸卵管及寬韌帶",0
"1657","嘉義縣中埔鄉",2009,"卵巢.輸卵管及寬韌帶",24.34
"1658","嘉義縣新港鄉",2009,"卵巢.輸卵管及寬韌帶",45
"1659","嘉義縣義竹鄉",2009,"卵巢.輸卵管及寬韌帶",60.37
"1660","嘉義縣竹崎鄉",2009,"卵巢.輸卵管及寬韌帶",43.14
"1661","嘉義市東區",2009,"女性乳房",91.62
"1662","嘉義市西區",2009,"女性乳房",109.76
"1663","嘉義縣阿里山鄉",2009,"女性乳房",0
"1664","嘉義縣布袋鎮",2009,"女性乳房",0
"1665","嘉義縣大埔鄉",2009,"女性乳房",0
"1666","嘉義縣大林鎮",2009,"女性乳房",73.95
"1667","嘉義縣東石鄉",2009,"女性乳房",0
"1668","嘉義縣番路鄉",2009,"女性乳房",0
"1669","嘉義縣六腳鄉",2009,"女性乳房",0
"1670","嘉義縣鹿草鄉",2009,"女性乳房",109.96
"1671","嘉義縣梅山鄉",2009,"女性乳房",0
"1672","嘉義縣民雄鄉",2009,"女性乳房",218.31
"1673","嘉義縣朴子市",2009,"女性乳房",95.38
"1674","嘉義縣水上鄉",2009,"女性乳房",80.05
"1675","嘉義縣太保市",2009,"女性乳房",0
"1676","嘉義縣溪口鄉",2009,"女性乳房",147.52
"1677","嘉義縣中埔鄉",2009,"女性乳房",0
"1678","嘉義縣新港鄉",2009,"女性乳房",23.25
"1679","嘉義縣義竹鄉",2009,"女性乳房",0
"1680","嘉義縣竹崎鄉",2009,"女性乳房",129.74
"1681","嘉義市東區",2009,"攝護腺",210.97
"1682","嘉義市西區",2009,"攝護腺",220.31
"1683","嘉義縣阿里山鄉",2009,"攝護腺",211.07
"1684","嘉義縣布袋鎮",2009,"攝護腺",188.28
"1685","嘉義縣大埔鄉",2009,"攝護腺",0
"1686","嘉義縣大林鎮",2009,"攝護腺",288.03
"1687","嘉義縣東石鄉",2009,"攝護腺",342.04
"1688","嘉義縣番路鄉",2009,"攝護腺",290.74
"1689","嘉義縣六腳鄉",2009,"攝護腺",296.84
"1690","嘉義縣鹿草鄉",2009,"攝護腺",170.07
"1691","嘉義縣梅山鄉",2009,"攝護腺",209.71
"1692","嘉義縣民雄鄉",2009,"攝護腺",247.55
"1693","嘉義縣朴子市",2009,"攝護腺",358
"1694","嘉義縣水上鄉",2009,"攝護腺",233.12
"1695","嘉義縣太保市",2009,"攝護腺",202.88
"1696","嘉義縣溪口鄉",2009,"攝護腺",134.95
"1697","嘉義縣中埔鄉",2009,"攝護腺",276.32
"1698","嘉義縣新港鄉",2009,"攝護腺",241.78
"1699","嘉義縣義竹鄉",2009,"攝護腺",383.12
"1700","嘉義縣竹崎鄉",2009,"攝護腺",127.47
"1701","嘉義市東區",2009,"食道",18.84
"1702","嘉義市西區",2009,"食道",55.14
"1703","嘉義縣阿里山鄉",2009,"食道",0
"1704","嘉義縣布袋鎮",2009,"食道",33.33
"1705","嘉義縣大埔鄉",2009,"食道",0
"1706","嘉義縣大林鎮",2009,"食道",45.06
"1707","嘉義縣東石鄉",2009,"食道",83.76
"1708","嘉義縣番路鄉",2009,"食道",0
"1709","嘉義縣六腳鄉",2009,"食道",54.17
"1710","嘉義縣鹿草鄉",2009,"食道",27.92
"1711","嘉義縣梅山鄉",2009,"食道",20.74
"1712","嘉義縣民雄鄉",2009,"食道",33.77
"1713","嘉義縣朴子市",2009,"食道",0
"1714","嘉義縣水上鄉",2009,"食道",41.45
"1715","嘉義縣太保市",2009,"食道",29.58
"1716","嘉義縣溪口鄉",2009,"食道",0
"1717","嘉義縣中埔鄉",2009,"食道",35.9
"1718","嘉義縣新港鄉",2009,"食道",74.64
"1719","嘉義縣義竹鄉",2009,"食道",37.61
"1720","嘉義縣竹崎鄉",2009,"食道",30.31
"1721","嘉義市東區",2009,"胃",70.14
"1722","嘉義市西區",2009,"胃",41.91
"1723","嘉義縣阿里山鄉",2009,"胃",0
"1724","嘉義縣布袋鎮",2009,"胃",56.31
"1725","嘉義縣大埔鄉",2009,"胃",0
"1726","嘉義縣大林鎮",2009,"胃",127.93
"1727","嘉義縣東石鄉",2009,"胃",26.23
"1728","嘉義縣番路鄉",2009,"胃",0
"1729","嘉義縣六腳鄉",2009,"胃",65.56
"1730","嘉義縣鹿草鄉",2009,"胃",0
"1731","嘉義縣梅山鄉",2009,"胃",25.38
"1732","嘉義縣民雄鄉",2009,"胃",75.81
"1733","嘉義縣朴子市",2009,"胃",66.12
"1734","嘉義縣水上鄉",2009,"胃",71
"1735","嘉義縣太保市",2009,"胃",93.51
"1736","嘉義縣溪口鄉",2009,"胃",53.2
"1737","嘉義縣中埔鄉",2009,"胃",32.09
"1738","嘉義縣新港鄉",2009,"胃",52.45
"1739","嘉義縣義竹鄉",2009,"胃",55.28
"1740","嘉義縣竹崎鄉",2009,"胃",22.01
"1741","嘉義市東區",2009,"胰",56.93
"1742","嘉義市西區",2009,"胰",45.2
"1743","嘉義縣阿里山鄉",2009,"胰",0
"1744","嘉義縣布袋鎮",2009,"胰",33.33
"1745","嘉義縣大埔鄉",2009,"胰",197.76
"1746","嘉義縣大林鎮",2009,"胰",14
"1747","嘉義縣東石鄉",2009,"胰",0
"1748","嘉義縣番路鄉",2009,"胰",0
"1749","嘉義縣六腳鄉",2009,"胰",32.44
"1750","嘉義縣鹿草鄉",2009,"胰",19.99
"1751","嘉義縣梅山鄉",2009,"胰",55.37
"1752","嘉義縣民雄鄉",2009,"胰",35.89
"1753","嘉義縣朴子市",2009,"胰",15.11
"1754","嘉義縣水上鄉",2009,"胰",32.67
"1755","嘉義縣太保市",2009,"胰",124.42
"1756","嘉義縣溪口鄉",2009,"胰",64.37
"1757","嘉義縣中埔鄉",2009,"胰",41.14
"1758","嘉義縣新港鄉",2009,"胰",38.91
"1759","嘉義縣義竹鄉",2009,"胰",0
"1760","嘉義縣竹崎鄉",2009,"胰",48.72
"1761","嘉義市東區",2009,"直腸與肛門",137.57
"1762","嘉義市西區",2009,"直腸與肛門",110.28
"1763","嘉義縣阿里山鄉",2009,"直腸與肛門",89.23
"1764","嘉義縣布袋鎮",2009,"直腸與肛門",59.62
"1765","嘉義縣大埔鄉",2009,"直腸與肛門",193.02
"1766","嘉義縣大林鎮",2009,"直腸與肛門",148.16
"1767","嘉義縣東石鄉",2009,"直腸與肛門",92.32
"1768","嘉義縣番路鄉",2009,"直腸與肛門",289.3
"1769","嘉義縣六腳鄉",2009,"直腸與肛門",114.69
"1770","嘉義縣鹿草鄉",2009,"直腸與肛門",0
"1771","嘉義縣梅山鄉",2009,"直腸與肛門",115.73
"1772","嘉義縣民雄鄉",2009,"直腸與肛門",90.52
"1773","嘉義縣朴子市",2009,"直腸與肛門",153.39
"1774","嘉義縣水上鄉",2009,"直腸與肛門",176.27
"1775","嘉義縣太保市",2009,"直腸與肛門",19.67
"1776","嘉義縣溪口鄉",2009,"直腸與肛門",27.03
"1777","嘉義縣中埔鄉",2009,"直腸與肛門",122.95
"1778","嘉義縣新港鄉",2009,"直腸與肛門",58.23
"1779","嘉義縣義竹鄉",2009,"直腸與肛門",18.02
"1780","嘉義縣竹崎鄉",2009,"直腸與肛門",99.15
"1781","嘉義市東區",2009,"子宮頸",52.41
"1782","嘉義市西區",2009,"子宮頸",20.85
"1783","嘉義縣阿里山鄉",2009,"子宮頸",0
"1784","嘉義縣布袋鎮",2009,"子宮頸",0
"1785","嘉義縣大埔鄉",2009,"子宮頸",0
"1786","嘉義縣大林鎮",2009,"子宮頸",0
"1787","嘉義縣東石鄉",2009,"子宮頸",0
"1788","嘉義縣番路鄉",2009,"子宮頸",0
"1789","嘉義縣六腳鄉",2009,"子宮頸",0
"1790","嘉義縣鹿草鄉",2009,"子宮頸",0
"1791","嘉義縣梅山鄉",2009,"子宮頸",0
"1792","嘉義縣民雄鄉",2009,"子宮頸",0
"1793","嘉義縣朴子市",2009,"子宮頸",0
"1794","嘉義縣水上鄉",2009,"子宮頸",0
"1795","嘉義縣太保市",2009,"子宮頸",0
"1796","嘉義縣溪口鄉",2009,"子宮頸",0
"1797","嘉義縣中埔鄉",2009,"子宮頸",25.23
"1798","嘉義縣新港鄉",2009,"子宮頸",23.25
"1799","嘉義縣義竹鄉",2009,"子宮頸",27.61
"1800","嘉義縣竹崎鄉",2009,"子宮頸",43.14
"1801","嘉義市東區",2010,"白血病",34.03
"1802","嘉義市西區",2010,"白血病",22.74
"1803","嘉義縣阿里山鄉",2010,"白血病",0
"1804","嘉義縣布袋鎮",2010,"白血病",0
"1805","嘉義縣大埔鄉",2010,"白血病",0
"1806","嘉義縣大林鎮",2010,"白血病",13.88
"1807","嘉義縣東石鄉",2010,"白血病",0
"1808","嘉義縣番路鄉",2010,"白血病",78.85
"1809","嘉義縣六腳鄉",2010,"白血病",54.14
"1810","嘉義縣鹿草鄉",2010,"白血病",26.96
"1811","嘉義縣梅山鄉",2010,"白血病",18.92
"1812","嘉義縣民雄鄉",2010,"白血病",9.62
"1813","嘉義縣朴子市",2010,"白血病",0
"1814","嘉義縣水上鄉",2010,"白血病",35.99
"1815","嘉義縣太保市",2010,"白血病",0
"1816","嘉義縣溪口鄉",2010,"白血病",93.2
"1817","嘉義縣中埔鄉",2010,"白血病",116.1
"1818","嘉義縣新港鄉",2010,"白血病",50.06
"1819","嘉義縣義竹鄉",2010,"白血病",0
"1820","嘉義縣竹崎鄉",2010,"白血病",73.84
"1821","嘉義市東區",2010,"膀胱",54.92
"1822","嘉義市西區",2010,"膀胱",38.42
"1823","嘉義縣阿里山鄉",2010,"膀胱",0
"1824","嘉義縣布袋鎮",2010,"膀胱",118.55
"1825","嘉義縣大埔鄉",2010,"膀胱",0
"1826","嘉義縣大林鎮",2010,"膀胱",45.62
"1827","嘉義縣東石鄉",2010,"膀胱",52.06
"1828","嘉義縣番路鄉",2010,"膀胱",35.52
"1829","嘉義縣六腳鄉",2010,"膀胱",36.54
"1830","嘉義縣鹿草鄉",2010,"膀胱",21.3
"1831","嘉義縣梅山鄉",2010,"膀胱",84.03
"1832","嘉義縣民雄鄉",2010,"膀胱",39.68
"1833","嘉義縣朴子市",2010,"膀胱",88.39
"1834","嘉義縣水上鄉",2010,"膀胱",52.48
"1835","嘉義縣太保市",2010,"膀胱",50.88
"1836","嘉義縣溪口鄉",2010,"膀胱",50.57
"1837","嘉義縣中埔鄉",2010,"膀胱",28.86
"1838","嘉義縣新港鄉",2010,"膀胱",27.64
"1839","嘉義縣義竹鄉",2010,"膀胱",48.61
"1840","嘉義縣竹崎鄉",2010,"膀胱",53.1
"1841","嘉義市東區",2010,"非何杰金氏淋巴瘤",79.81
"1842","嘉義市西區",2010,"非何杰金氏淋巴瘤",37.97
"1843","嘉義縣阿里山鄉",2010,"非何杰金氏淋巴瘤",0
"1844","嘉義縣布袋鎮",2010,"非何杰金氏淋巴瘤",0
"1845","嘉義縣大埔鄉",2010,"非何杰金氏淋巴瘤",0
"1846","嘉義縣大林鎮",2010,"非何杰金氏淋巴瘤",0
"1847","嘉義縣東石鄉",2010,"非何杰金氏淋巴瘤",42.36
"1848","嘉義縣番路鄉",2010,"非何杰金氏淋巴瘤",0
"1849","嘉義縣六腳鄉",2010,"非何杰金氏淋巴瘤",0
"1850","嘉義縣鹿草鄉",2010,"非何杰金氏淋巴瘤",0
"1851","嘉義縣梅山鄉",2010,"非何杰金氏淋巴瘤",18.92
"1852","嘉義縣民雄鄉",2010,"非何杰金氏淋巴瘤",30.74
"1853","嘉義縣朴子市",2010,"非何杰金氏淋巴瘤",0
"1854","嘉義縣水上鄉",2010,"非何杰金氏淋巴瘤",9.95
"1855","嘉義縣太保市",2010,"非何杰金氏淋巴瘤",75.58
"1856","嘉義縣溪口鄉",2010,"非何杰金氏淋巴瘤",63.91
"1857","嘉義縣中埔鄉",2010,"非何杰金氏淋巴瘤",53
"1858","嘉義縣新港鄉",2010,"非何杰金氏淋巴瘤",53.6
"1859","嘉義縣義竹鄉",2010,"非何杰金氏淋巴瘤",17.78
"1860","嘉義縣竹崎鄉",2010,"非何杰金氏淋巴瘤",13.75
"1861","嘉義市東區",2010,"肺.支氣管及氣管",236.3
"1862","嘉義市西區",2010,"肺.支氣管及氣管",238.96
"1863","嘉義縣阿里山鄉",2010,"肺.支氣管及氣管",0
"1864","嘉義縣布袋鎮",2010,"肺.支氣管及氣管",390.9
"1865","嘉義縣大埔鄉",2010,"肺.支氣管及氣管",0
"1866","嘉義縣大林鎮",2010,"肺.支氣管及氣管",224.39
"1867","嘉義縣東石鄉",2010,"肺.支氣管及氣管",178.64
"1868","嘉義縣番路鄉",2010,"肺.支氣管及氣管",200.94
"1869","嘉義縣六腳鄉",2010,"肺.支氣管及氣管",324.97
"1870","嘉義縣鹿草鄉",2010,"肺.支氣管及氣管",138.09
"1871","嘉義縣梅山鄉",2010,"肺.支氣管及氣管",267.48
"1872","嘉義縣民雄鄉",2010,"肺.支氣管及氣管",213.89
"1873","嘉義縣朴子市",2010,"肺.支氣管及氣管",213.34
"1874","嘉義縣水上鄉",2010,"肺.支氣管及氣管",224.73
"1875","嘉義縣太保市",2010,"肺.支氣管及氣管",348.94
"1876","嘉義縣溪口鄉",2010,"肺.支氣管及氣管",429.96
"1877","嘉義縣中埔鄉",2010,"肺.支氣管及氣管",364.66
"1878","嘉義縣新港鄉",2010,"肺.支氣管及氣管",397.98
"1879","嘉義縣義竹鄉",2010,"肺.支氣管及氣管",418.57
"1880","嘉義縣竹崎鄉",2010,"肺.支氣管及氣管",269.8
"1881","嘉義市東區",2010,"肝及肝內膽管",289.73
"1882","嘉義市西區",2010,"肝及肝內膽管",390.74
"1883","嘉義縣阿里山鄉",2010,"肝及肝內膽管",596.31
"1884","嘉義縣布袋鎮",2010,"肝及肝內膽管",196.65
"1885","嘉義縣大埔鄉",2010,"肝及肝內膽管",421.83
"1886","嘉義縣大林鎮",2010,"肝及肝內膽管",323.79
"1887","嘉義縣東石鄉",2010,"肝及肝內膽管",340.43
"1888","嘉義縣番路鄉",2010,"肝及肝內膽管",78.85
"1889","嘉義縣六腳鄉",2010,"肝及肝內膽管",381.4
"1890","嘉義縣鹿草鄉",2010,"肝及肝內膽管",275.79
"1891","嘉義縣梅山鄉",2010,"肝及肝內膽管",62.78
"1892","嘉義縣民雄鄉",2010,"肝及肝內膽管",298.2
"1893","嘉義縣朴子市",2010,"肝及肝內膽管",281.02
"1894","嘉義縣水上鄉",2010,"肝及肝內膽管",234.43
"1895","嘉義縣太保市",2010,"肝及肝內膽管",357.84
"1896","嘉義縣溪口鄉",2010,"肝及肝內膽管",460.63
"1897","嘉義縣中埔鄉",2010,"肝及肝內膽管",261.36
"1898","嘉義縣新港鄉",2010,"肝及肝內膽管",399.82
"1899","嘉義縣義竹鄉",2010,"肝及肝內膽管",185.9
"1900","嘉義縣竹崎鄉",2010,"肝及肝內膽管",343.76
"1901","嘉義市東區",2010,"結腸",237.53
"1902","嘉義市西區",2010,"結腸",192.02
"1903","嘉義縣阿里山鄉",2010,"結腸",0
"1904","嘉義縣布袋鎮",2010,"結腸",194.61
"1905","嘉義縣大埔鄉",2010,"結腸",329.43
"1906","嘉義縣大林鎮",2010,"結腸",109.28
"1907","嘉義縣東石鄉",2010,"結腸",129.42
"1908","嘉義縣番路鄉",2010,"結腸",38.51
"1909","嘉義縣六腳鄉",2010,"結腸",163.25
"1910","嘉義縣鹿草鄉",2010,"結腸",215.95
"1911","嘉義縣梅山鄉",2010,"結腸",351.84
"1912","嘉義縣民雄鄉",2010,"結腸",152.68
"1913","嘉義縣朴子市",2010,"結腸",125.46
"1914","嘉義縣水上鄉",2010,"結腸",141.11
"1915","嘉義縣太保市",2010,"結腸",148.27
"1916","嘉義縣溪口鄉",2010,"結腸",82.15
"1917","嘉義縣中埔鄉",2010,"結腸",198.85
"1918","嘉義縣新港鄉",2010,"結腸",131.3
"1919","嘉義縣義竹鄉",2010,"結腸",120.69
"1920","嘉義縣竹崎鄉",2010,"結腸",166.4
"1921","嘉義市東區",2010,"口腔.口咽及下咽",125.92
"1922","嘉義市西區",2010,"口腔.口咽及下咽",63.8
"1923","嘉義縣阿里山鄉",2010,"口腔.口咽及下咽",0
"1924","嘉義縣布袋鎮",2010,"口腔.口咽及下咽",44.27
"1925","嘉義縣大埔鄉",2010,"口腔.口咽及下咽",421.83
"1926","嘉義縣大林鎮",2010,"口腔.口咽及下咽",56.47
"1927","嘉義縣東石鄉",2010,"口腔.口咽及下咽",77.9
"1928","嘉義縣番路鄉",2010,"口腔.口咽及下咽",157.7
"1929","嘉義縣六腳鄉",2010,"口腔.口咽及下咽",114.31
"1930","嘉義縣鹿草鄉",2010,"口腔.口咽及下咽",0
"1931","嘉義縣梅山鄉",2010,"口腔.口咽及下咽",95.49
"1932","嘉義縣民雄鄉",2010,"口腔.口咽及下咽",36.1
"1933","嘉義縣朴子市",2010,"口腔.口咽及下咽",69.72
"1934","嘉義縣水上鄉",2010,"口腔.口咽及下咽",110.31
"1935","嘉義縣太保市",2010,"口腔.口咽及下咽",69.6
"1936","嘉義縣溪口鄉",2010,"口腔.口咽及下咽",67.34
"1937","嘉義縣中埔鄉",2010,"口腔.口咽及下咽",71.15
"1938","嘉義縣新港鄉",2010,"口腔.口咽及下咽",79.67
"1939","嘉義縣義竹鄉",2010,"口腔.口咽及下咽",59.03
"1940","嘉義縣竹崎鄉",2010,"口腔.口咽及下咽",151.87
"1941","嘉義市東區",2010,"卵巢.輸卵管及寬韌帶",28.02
"1942","嘉義市西區",2010,"卵巢.輸卵管及寬韌帶",67
"1943","嘉義縣阿里山鄉",2010,"卵巢.輸卵管及寬韌帶",0
"1944","嘉義縣布袋鎮",2010,"卵巢.輸卵管及寬韌帶",0
"1945","嘉義縣大埔鄉",2010,"卵巢.輸卵管及寬韌帶",0
"1946","嘉義縣大林鎮",2010,"卵巢.輸卵管及寬韌帶",31.38
"1947","嘉義縣東石鄉",2010,"卵巢.輸卵管及寬韌帶",0
"1948","嘉義縣番路鄉",2010,"卵巢.輸卵管及寬韌帶",0
"1949","嘉義縣六腳鄉",2010,"卵巢.輸卵管及寬韌帶",0
"1950","嘉義縣鹿草鄉",2010,"卵巢.輸卵管及寬韌帶",0
"1951","嘉義縣梅山鄉",2010,"卵巢.輸卵管及寬韌帶",0
"1952","嘉義縣民雄鄉",2010,"卵巢.輸卵管及寬韌帶",51.91
"1953","嘉義縣朴子市",2010,"卵巢.輸卵管及寬韌帶",0
"1954","嘉義縣水上鄉",2010,"卵巢.輸卵管及寬韌帶",0
"1955","嘉義縣太保市",2010,"卵巢.輸卵管及寬韌帶",0
"1956","嘉義縣溪口鄉",2010,"卵巢.輸卵管及寬韌帶",0
"1957","嘉義縣中埔鄉",2010,"卵巢.輸卵管及寬韌帶",0
"1958","嘉義縣新港鄉",2010,"卵巢.輸卵管及寬韌帶",0
"1959","嘉義縣義竹鄉",2010,"卵巢.輸卵管及寬韌帶",0
"1960","嘉義縣竹崎鄉",2010,"卵巢.輸卵管及寬韌帶",0
"1961","嘉義市東區",2010,"女性乳房",253.25
"1962","嘉義市西區",2010,"女性乳房",70.77
"1963","嘉義縣阿里山鄉",2010,"女性乳房",0
"1964","嘉義縣布袋鎮",2010,"女性乳房",0
"1965","嘉義縣大埔鄉",2010,"女性乳房",0
"1966","嘉義縣大林鎮",2010,"女性乳房",25.48
"1967","嘉義縣東石鄉",2010,"女性乳房",135.11
"1968","嘉義縣番路鄉",2010,"女性乳房",0
"1969","嘉義縣六腳鄉",2010,"女性乳房",59.76
"1970","嘉義縣鹿草鄉",2010,"女性乳房",114.01
"1971","嘉義縣梅山鄉",2010,"女性乳房",76.7
"1972","嘉義縣民雄鄉",2010,"女性乳房",30.62
"1973","嘉義縣朴子市",2010,"女性乳房",193.59
"1974","嘉義縣水上鄉",2010,"女性乳房",247.67
"1975","嘉義縣太保市",2010,"女性乳房",206.51
"1976","嘉義縣溪口鄉",2010,"女性乳房",136.79
"1977","嘉義縣中埔鄉",2010,"女性乳房",211.66
"1978","嘉義縣新港鄉",2010,"女性乳房",47.64
"1979","嘉義縣義竹鄉",2010,"女性乳房",108.91
"1980","嘉義縣竹崎鄉",2010,"女性乳房",243.49
"1981","嘉義市東區",2010,"攝護腺",230.51
"1982","嘉義市西區",2010,"攝護腺",239.54
"1983","嘉義縣阿里山鄉",2010,"攝護腺",0
"1984","嘉義縣布袋鎮",2010,"攝護腺",233.95
"1985","嘉義縣大埔鄉",2010,"攝護腺",0
"1986","嘉義縣大林鎮",2010,"攝護腺",150.71
"1987","嘉義縣東石鄉",2010,"攝護腺",188.25
"1988","嘉義縣番路鄉",2010,"攝護腺",114.17
"1989","嘉義縣六腳鄉",2010,"攝護腺",123
"1990","嘉義縣鹿草鄉",2010,"攝護腺",56.13
"1991","嘉義縣梅山鄉",2010,"攝護腺",47.64
"1992","嘉義縣民雄鄉",2010,"攝護腺",219.15
"1993","嘉義縣朴子市",2010,"攝護腺",217.63
"1994","嘉義縣水上鄉",2010,"攝護腺",258.08
"1995","嘉義縣太保市",2010,"攝護腺",87.69
"1996","嘉義縣溪口鄉",2010,"攝護腺",257.74
"1997","嘉義縣中埔鄉",2010,"攝護腺",259.12
"1998","嘉義縣新港鄉",2010,"攝護腺",108.03
"1999","嘉義縣義竹鄉",2010,"攝護腺",263.78
"2000","嘉義縣竹崎鄉",2010,"攝護腺",210.71
"2001","嘉義市東區",2010,"食道",13.05
"2002","嘉義市西區",2010,"食道",12.27
"2003","嘉義縣阿里山鄉",2010,"食道",0
"2004","嘉義縣布袋鎮",2010,"食道",0
"2005","嘉義縣大埔鄉",2010,"食道",231.55
"2006","嘉義縣大林鎮",2010,"食道",16.78
"2007","嘉義縣東石鄉",2010,"食道",0
"2008","嘉義縣番路鄉",2010,"食道",0
"2009","嘉義縣六腳鄉",2010,"食道",0
"2010","嘉義縣鹿草鄉",2010,"食道",0
"2011","嘉義縣梅山鄉",2010,"食道",18.92
"2012","嘉義縣民雄鄉",2010,"食道",28.87
"2013","嘉義縣朴子市",2010,"食道",14.76
"2014","嘉義縣水上鄉",2010,"食道",24.24
"2015","嘉義縣太保市",2010,"食道",0
"2016","嘉義縣溪口鄉",2010,"食道",0
"2017","嘉義縣中埔鄉",2010,"食道",16.08
"2018","嘉義縣新港鄉",2010,"食道",29.19
"2019","嘉義縣義竹鄉",2010,"食道",55.65
"2020","嘉義縣竹崎鄉",2010,"食道",47.48
"2021","嘉義市東區",2010,"胃",111.02
"2022","嘉義市西區",2010,"胃",62.32
"2023","嘉義縣阿里山鄉",2010,"胃",0
"2024","嘉義縣布袋鎮",2010,"胃",32.1
"2025","嘉義縣大埔鄉",2010,"胃",231.55
"2026","嘉義縣大林鎮",2010,"胃",56.47
"2027","嘉義縣東石鄉",2010,"胃",30.07
"2028","嘉義縣番路鄉",2010,"胃",0
"2029","嘉義縣六腳鄉",2010,"胃",25.39
"2030","嘉義縣鹿草鄉",2010,"胃",39.56
"2031","嘉義縣梅山鄉",2010,"胃",0
"2032","嘉義縣民雄鄉",2010,"胃",44.72
"2033","嘉義縣朴子市",2010,"胃",123.29
"2034","嘉義縣水上鄉",2010,"胃",44.15
"2035","嘉義縣太保市",2010,"胃",69.6
"2036","嘉義縣溪口鄉",2010,"胃",77.57
"2037","嘉義縣中埔鄉",2010,"胃",13.4
"2038","嘉義縣新港鄉",2010,"胃",13.04
"2039","嘉義縣義竹鄉",2010,"胃",191.29
"2040","嘉義縣竹崎鄉",2010,"胃",36.05
"2041","嘉義市東區",2010,"胰",59.03
"2042","嘉義市西區",2010,"胰",31.31
"2043","嘉義縣阿里山鄉",2010,"胰",0
"2044","嘉義縣布袋鎮",2010,"胰",43.28
"2045","嘉義縣大埔鄉",2010,"胰",0
"2046","嘉義縣大林鎮",2010,"胰",63.97
"2047","嘉義縣東石鄉",2010,"胰",30.47
"2048","嘉義縣番路鄉",2010,"胰",0
"2049","嘉義縣六腳鄉",2010,"胰",0
"2050","嘉義縣鹿草鄉",2010,"胰",18.26
"2051","嘉義縣梅山鄉",2010,"胰",18.92
"2052","嘉義縣民雄鄉",2010,"胰",9.62
"2053","嘉義縣朴子市",2010,"胰",25.32
"2054","嘉義縣水上鄉",2010,"胰",61.27
"2055","嘉義縣太保市",2010,"胰",0
"2056","嘉義縣溪口鄉",2010,"胰",50.57
"2057","嘉義縣中埔鄉",2010,"胰",14.9
"2058","嘉義縣新港鄉",2010,"胰",16.15
"2059","嘉義縣義竹鄉",2010,"胰",0
"2060","嘉義縣竹崎鄉",2010,"胰",23.74
"2061","嘉義市東區",2010,"直腸與肛門",102.16
"2062","嘉義市西區",2010,"直腸與肛門",104.12
"2063","嘉義縣阿里山鄉",2010,"直腸與肛門",0
"2064","嘉義縣布袋鎮",2010,"直腸與肛門",64.15
"2065","嘉義縣大埔鄉",2010,"直腸與肛門",190.28
"2066","嘉義縣大林鎮",2010,"直腸與肛門",156.72
"2067","嘉義縣東石鄉",2010,"直腸與肛門",220.71
"2068","嘉義縣番路鄉",2010,"直腸與肛門",0
"2069","嘉義縣六腳鄉",2010,"直腸與肛門",59.29
"2070","嘉義縣鹿草鄉",2010,"直腸與肛門",229.63
"2071","嘉義縣梅山鄉",2010,"直腸與肛門",56.53
"2072","嘉義縣民雄鄉",2010,"直腸與肛門",130.95
"2073","嘉義縣朴子市",2010,"直腸與肛門",122.23
"2074","嘉義縣水上鄉",2010,"直腸與肛門",101.62
"2075","嘉義縣太保市",2010,"直腸與肛門",220.04
"2076","嘉義縣溪口鄉",2010,"直腸與肛門",87.48
"2077","嘉義縣中埔鄉",2010,"直腸與肛門",128.32
"2078","嘉義縣新港鄉",2010,"直腸與肛門",156.83
"2079","嘉義縣義竹鄉",2010,"直腸與肛門",112.32
"2080","嘉義縣竹崎鄉",2010,"直腸與肛門",161.65
"2081","嘉義市東區",2010,"子宮頸",24.84
"2082","嘉義市西區",2010,"子宮頸",66.12
"2083","嘉義縣阿里山鄉",2010,"子宮頸",0
"2084","嘉義縣布袋鎮",2010,"子宮頸",81.44
"2085","嘉義縣大埔鄉",2010,"子宮頸",457.32
"2086","嘉義縣大林鎮",2010,"子宮頸",0
"2087","嘉義縣東石鄉",2010,"子宮頸",0
"2088","嘉義縣番路鄉",2010,"子宮頸",71.74
"2089","嘉義縣六腳鄉",2010,"子宮頸",24.46
"2090","嘉義縣鹿草鄉",2010,"子宮頸",136
"2091","嘉義縣梅山鄉",2010,"子宮頸",33.36
"2092","嘉義縣民雄鄉",2010,"子宮頸",63.88
"2093","嘉義縣朴子市",2010,"子宮頸",77.48
"2094","嘉義縣水上鄉",2010,"子宮頸",34.94
"2095","嘉義縣太保市",2010,"子宮頸",33.81
"2096","嘉義縣溪口鄉",2010,"子宮頸",41.76
"2097","嘉義縣中埔鄉",2010,"子宮頸",23.2
"2098","嘉義縣新港鄉",2010,"子宮頸",0
"2099","嘉義縣義竹鄉",2010,"子宮頸",0
"2100","嘉義縣竹崎鄉",2010,"子宮頸",25.09
"2101","嘉義市東區",2011,"白血病",38.76
"2102","嘉義市西區",2011,"白血病",35.2
"2103","嘉義縣阿里山鄉",2011,"白血病",0
"2104","嘉義縣布袋鎮",2011,"白血病",17.37
"2105","嘉義縣大埔鄉",2011,"白血病",0
"2106","嘉義縣大林鎮",2011,"白血病",28.71
"2107","嘉義縣東石鄉",2011,"白血病",18.19
"2108","嘉義縣番路鄉",2011,"白血病",0
"2109","嘉義縣六腳鄉",2011,"白血病",0
"2110","嘉義縣鹿草鄉",2011,"白血病",0
"2111","嘉義縣梅山鄉",2011,"白血病",25.19
"2112","嘉義縣民雄鄉",2011,"白血病",20.88
"2113","嘉義縣朴子市",2011,"白血病",9.95
"2114","嘉義縣水上鄉",2011,"白血病",35.13
"2115","嘉義縣太保市",2011,"白血病",65.88
"2116","嘉義縣溪口鄉",2011,"白血病",29.98
"2117","嘉義縣中埔鄉",2011,"白血病",26.05
"2118","嘉義縣新港鄉",2011,"白血病",28.54
"2119","嘉義縣義竹鄉",2011,"白血病",0
"2120","嘉義縣竹崎鄉",2011,"白血病",0
"2121","嘉義市東區",2011,"膀胱",26.05
"2122","嘉義市西區",2011,"膀胱",46.58
"2123","嘉義縣阿里山鄉",2011,"膀胱",0
"2124","嘉義縣布袋鎮",2011,"膀胱",100.05
"2125","嘉義縣大埔鄉",2011,"膀胱",146.34
"2126","嘉義縣大林鎮",2011,"膀胱",52.84
"2127","嘉義縣東石鄉",2011,"膀胱",44.53
"2128","嘉義縣番路鄉",2011,"膀胱",32.81
"2129","嘉義縣六腳鄉",2011,"膀胱",14.63
"2130","嘉義縣鹿草鄉",2011,"膀胱",62.3
"2131","嘉義縣梅山鄉",2011,"膀胱",37.64
"2132","嘉義縣民雄鄉",2011,"膀胱",44.14
"2133","嘉義縣朴子市",2011,"膀胱",43.06
"2134","嘉義縣水上鄉",2011,"膀胱",21.12
"2135","嘉義縣太保市",2011,"膀胱",23.83
"2136","嘉義縣溪口鄉",2011,"膀胱",0
"2137","嘉義縣中埔鄉",2011,"膀胱",13.31
"2138","嘉義縣新港鄉",2011,"膀胱",50.51
"2139","嘉義縣義竹鄉",2011,"膀胱",32.63
"2140","嘉義縣竹崎鄉",2011,"膀胱",74.54
"2141","嘉義市東區",2011,"非何杰金氏淋巴瘤",30.47
"2142","嘉義市西區",2011,"非何杰金氏淋巴瘤",30.67
"2143","嘉義縣阿里山鄉",2011,"非何杰金氏淋巴瘤",138.3
"2144","嘉義縣布袋鎮",2011,"非何杰金氏淋巴瘤",34.15
"2145","嘉義縣大埔鄉",2011,"非何杰金氏淋巴瘤",0
"2146","嘉義縣大林鎮",2011,"非何杰金氏淋巴瘤",0
"2147","嘉義縣東石鄉",2011,"非何杰金氏淋巴瘤",0
"2148","嘉義縣番路鄉",2011,"非何杰金氏淋巴瘤",52.3
"2149","嘉義縣六腳鄉",2011,"非何杰金氏淋巴瘤",18.34
"2150","嘉義縣鹿草鄉",2011,"非何杰金氏淋巴瘤",43.97
"2151","嘉義縣梅山鄉",2011,"非何杰金氏淋巴瘤",0
"2152","嘉義縣民雄鄉",2011,"非何杰金氏淋巴瘤",55.57
"2153","嘉義縣朴子市",2011,"非何杰金氏淋巴瘤",32.27
"2154","嘉義縣水上鄉",2011,"非何杰金氏淋巴瘤",14.07
"2155","嘉義縣太保市",2011,"非何杰金氏淋巴瘤",71.14
"2156","嘉義縣溪口鄉",2011,"非何杰金氏淋巴瘤",47.53
"2157","嘉義縣中埔鄉",2011,"非何杰金氏淋巴瘤",75.32
"2158","嘉義縣新港鄉",2011,"非何杰金氏淋巴瘤",25.37
"2159","嘉義縣義竹鄉",2011,"非何杰金氏淋巴瘤",0
"2160","嘉義縣竹崎鄉",2011,"非何杰金氏淋巴瘤",16.58
"2161","嘉義市東區",2011,"肺.支氣管及氣管",324.26
"2162","嘉義市西區",2011,"肺.支氣管及氣管",311.68
"2163","嘉義縣阿里山鄉",2011,"肺.支氣管及氣管",138.3
"2164","嘉義縣布袋鎮",2011,"肺.支氣管及氣管",458.68
"2165","嘉義縣大埔鄉",2011,"肺.支氣管及氣管",397.47
"2166","嘉義縣大林鎮",2011,"肺.支氣管及氣管",169.34
"2167","嘉義縣東石鄉",2011,"肺.支氣管及氣管",319.66
"2168","嘉義縣番路鄉",2011,"肺.支氣管及氣管",311.79
"2169","嘉義縣六腳鄉",2011,"肺.支氣管及氣管",237.44
"2170","嘉義縣鹿草鄉",2011,"肺.支氣管及氣管",174.15
"2171","嘉義縣梅山鄉",2011,"肺.支氣管及氣管",280.26
"2172","嘉義縣民雄鄉",2011,"肺.支氣管及氣管",406.11
"2173","嘉義縣朴子市",2011,"肺.支氣管及氣管",157.11
"2174","嘉義縣水上鄉",2011,"肺.支氣管及氣管",257.93
"2175","嘉義縣太保市",2011,"肺.支氣管及氣管",226.28
"2176","嘉義縣溪口鄉",2011,"肺.支氣管及氣管",215.55
"2177","嘉義縣中埔鄉",2011,"肺.支氣管及氣管",314.88
"2178","嘉義縣新港鄉",2011,"肺.支氣管及氣管",259.13
"2179","嘉義縣義竹鄉",2011,"肺.支氣管及氣管",205.59
"2180","嘉義縣竹崎鄉",2011,"肺.支氣管及氣管",225.15
"2181","嘉義市東區",2011,"肝及肝內膽管",308.53
"2182","嘉義市西區",2011,"肝及肝內膽管",339.14
"2183","嘉義縣阿里山鄉",2011,"肝及肝內膽管",692.69
"2184","嘉義縣布袋鎮",2011,"肝及肝內膽管",160.79
"2185","嘉義縣大埔鄉",2011,"肝及肝內膽管",0
"2186","嘉義縣大林鎮",2011,"肝及肝內膽管",337.48
"2187","嘉義縣東石鄉",2011,"肝及肝內膽管",144.23
"2188","嘉義縣番路鄉",2011,"肝及肝內膽管",196.39
"2189","嘉義縣六腳鄉",2011,"肝及肝內膽管",339.11
"2190","嘉義縣鹿草鄉",2011,"肝及肝內膽管",130.38
"2191","嘉義縣梅山鄉",2011,"肝及肝內膽管",271.71
"2192","嘉義縣民雄鄉",2011,"肝及肝內膽管",269.66
"2193","嘉義縣朴子市",2011,"肝及肝內膽管",253.89
"2194","嘉義縣水上鄉",2011,"肝及肝內膽管",257.68
"2195","嘉義縣太保市",2011,"肝及肝內膽管",359.02
"2196","嘉義縣溪口鄉",2011,"肝及肝內膽管",379.18
"2197","嘉義縣中埔鄉",2011,"肝及肝內膽管",409.78
"2198","嘉義縣新港鄉",2011,"肝及肝內膽管",271.78
"2199","嘉義縣義竹鄉",2011,"肝及肝內膽管",166.94
"2200","嘉義縣竹崎鄉",2011,"肝及肝內膽管",297.81
"2201","嘉義市東區",2011,"結腸",153.76
"2202","嘉義市西區",2011,"結腸",223.33
"2203","嘉義縣阿里山鄉",2011,"結腸",0
"2204","嘉義縣布袋鎮",2011,"結腸",173.17
"2205","嘉義縣大埔鄉",2011,"結腸",0
"2206","嘉義縣大林鎮",2011,"結腸",187.25
"2207","嘉義縣東石鄉",2011,"結腸",159.07
"2208","嘉義縣番路鄉",2011,"結腸",78.63
"2209","嘉義縣六腳鄉",2011,"結腸",137.81
"2210","嘉義縣鹿草鄉",2011,"結腸",48.29
"2211","嘉義縣梅山鄉",2011,"結腸",182.41
"2212","嘉義縣民雄鄉",2011,"結腸",169.15
"2213","嘉義縣朴子市",2011,"結腸",124.32
"2214","嘉義縣水上鄉",2011,"結腸",160.81
"2215","嘉義縣太保市",2011,"結腸",159.42
"2216","嘉義縣溪口鄉",2011,"結腸",134.66
"2217","嘉義縣中埔鄉",2011,"結腸",284.61
"2218","嘉義縣新港鄉",2011,"結腸",230.16
"2219","嘉義縣義竹鄉",2011,"結腸",287.94
"2220","嘉義縣竹崎鄉",2011,"結腸",162.96
"2221","嘉義市東區",2011,"口腔.口咽及下咽",71.94
"2222","嘉義市西區",2011,"口腔.口咽及下咽",106.02
"2223","嘉義縣阿里山鄉",2011,"口腔.口咽及下咽",0
"2224","嘉義縣布袋鎮",2011,"口腔.口咽及下咽",94.71
"2225","嘉義縣大埔鄉",2011,"口腔.口咽及下咽",457.32
"2226","嘉義縣大林鎮",2011,"口腔.口咽及下咽",39.08
"2227","嘉義縣東石鄉",2011,"口腔.口咽及下咽",79.6
"2228","嘉義縣番路鄉",2011,"口腔.口咽及下咽",152.94
"2229","嘉義縣六腳鄉",2011,"口腔.口咽及下咽",59.43
"2230","嘉義縣鹿草鄉",2011,"口腔.口咽及下咽",63.55
"2231","嘉義縣梅山鄉",2011,"口腔.口咽及下咽",0
"2232","嘉義縣民雄鄉",2011,"口腔.口咽及下咽",35.56
"2233","嘉義縣朴子市",2011,"口腔.口咽及下咽",74.17
"2234","嘉義縣水上鄉",2011,"口腔.口咽及下咽",23.61
"2235","嘉義縣太保市",2011,"口腔.口咽及下咽",68.64
"2236","嘉義縣溪口鄉",2011,"口腔.口咽及下咽",0
"2237","嘉義縣中埔鄉",2011,"口腔.口咽及下咽",103.83
"2238","嘉義縣新港鄉",2011,"口腔.口咽及下咽",33.45
"2239","嘉義縣義竹鄉",2011,"口腔.口咽及下咽",103.39
"2240","嘉義縣竹崎鄉",2011,"口腔.口咽及下咽",79.47
"2241","嘉義市東區",2011,"卵巢.輸卵管及寬韌帶",24.23
"2242","嘉義市西區",2011,"卵巢.輸卵管及寬韌帶",42.69
"2243","嘉義縣阿里山鄉",2011,"卵巢.輸卵管及寬韌帶",0
"2244","嘉義縣布袋鎮",2011,"卵巢.輸卵管及寬韌帶",27.63
"2245","嘉義縣大埔鄉",2011,"卵巢.輸卵管及寬韌帶",0
"2246","嘉義縣大林鎮",2011,"卵巢.輸卵管及寬韌帶",51.17
"2247","嘉義縣東石鄉",2011,"卵巢.輸卵管及寬韌帶",0
"2248","嘉義縣番路鄉",2011,"卵巢.輸卵管及寬韌帶",0
"2249","嘉義縣六腳鄉",2011,"卵巢.輸卵管及寬韌帶",17.82
"2250","嘉義縣鹿草鄉",2011,"卵巢.輸卵管及寬韌帶",0
"2251","嘉義縣梅山鄉",2011,"卵巢.輸卵管及寬韌帶",0
"2252","嘉義縣民雄鄉",2011,"卵巢.輸卵管及寬韌帶",0
"2253","嘉義縣朴子市",2011,"卵巢.輸卵管及寬韌帶",0
"2254","嘉義縣水上鄉",2011,"卵巢.輸卵管及寬韌帶",61.02
"2255","嘉義縣太保市",2011,"卵巢.輸卵管及寬韌帶",0
"2256","嘉義縣溪口鄉",2011,"卵巢.輸卵管及寬韌帶",0
"2257","嘉義縣中埔鄉",2011,"卵巢.輸卵管及寬韌帶",0
"2258","嘉義縣新港鄉",2011,"卵巢.輸卵管及寬韌帶",32.29
"2259","嘉義縣義竹鄉",2011,"卵巢.輸卵管及寬韌帶",0
"2260","嘉義縣竹崎鄉",2011,"卵巢.輸卵管及寬韌帶",0
"2261","嘉義市東區",2011,"女性乳房",249.42
"2262","嘉義市西區",2011,"女性乳房",132.6
"2263","嘉義縣阿里山鄉",2011,"女性乳房",0
"2264","嘉義縣布袋鎮",2011,"女性乳房",31.42
"2265","嘉義縣大埔鄉",2011,"女性乳房",0
"2266","嘉義縣大林鎮",2011,"女性乳房",159.97
"2267","嘉義縣東石鄉",2011,"女性乳房",105.21
"2268","嘉義縣番路鄉",2011,"女性乳房",0
"2269","嘉義縣六腳鄉",2011,"女性乳房",43.07
"2270","嘉義縣鹿草鄉",2011,"女性乳房",104.8
"2271","嘉義縣梅山鄉",2011,"女性乳房",159.41
"2272","嘉義縣民雄鄉",2011,"女性乳房",65.57
"2273","嘉義縣朴子市",2011,"女性乳房",185.2
"2274","嘉義縣水上鄉",2011,"女性乳房",64.83
"2275","嘉義縣太保市",2011,"女性乳房",125.9
"2276","嘉義縣溪口鄉",2011,"女性乳房",0
"2277","嘉義縣中埔鄉",2011,"女性乳房",96.94
"2278","嘉義縣新港鄉",2011,"女性乳房",0
"2279","嘉義縣義竹鄉",2011,"女性乳房",181.74
"2280","嘉義縣竹崎鄉",2011,"女性乳房",50.32
"2281","嘉義市東區",2011,"攝護腺",269.76
"2282","嘉義市西區",2011,"攝護腺",165.53
"2283","嘉義縣阿里山鄉",2011,"攝護腺",0
"2284","嘉義縣布袋鎮",2011,"攝護腺",307.9
"2285","嘉義縣大埔鄉",2011,"攝護腺",0
"2286","嘉義縣大林鎮",2011,"攝護腺",275.51
"2287","嘉義縣東石鄉",2011,"攝護腺",397.95
"2288","嘉義縣番路鄉",2011,"攝護腺",198.33
"2289","嘉義縣六腳鄉",2011,"攝護腺",100.43
"2290","嘉義縣鹿草鄉",2011,"攝護腺",146
"2291","嘉義縣梅山鄉",2011,"攝護腺",338.18
"2292","嘉義縣民雄鄉",2011,"攝護腺",249.87
"2293","嘉義縣朴子市",2011,"攝護腺",212.19
"2294","嘉義縣水上鄉",2011,"攝護腺",157.49
"2295","嘉義縣太保市",2011,"攝護腺",293.55
"2296","嘉義縣溪口鄉",2011,"攝護腺",274.69
"2297","嘉義縣中埔鄉",2011,"攝護腺",160.51
"2298","嘉義縣新港鄉",2011,"攝護腺",241.53
"2299","嘉義縣義竹鄉",2011,"攝護腺",92.4
"2300","嘉義縣竹崎鄉",2011,"攝護腺",276.6
"2301","嘉義市東區",2011,"食道",22.94
"2302","嘉義市西區",2011,"食道",23.76
"2303","嘉義縣阿里山鄉",2011,"食道",0
"2304","嘉義縣布袋鎮",2011,"食道",17.37
"2305","嘉義縣大埔鄉",2011,"食道",0
"2306","嘉義縣大林鎮",2011,"食道",0
"2307","嘉義縣東石鄉",2011,"食道",0
"2308","嘉義縣番路鄉",2011,"食道",0
"2309","嘉義縣六腳鄉",2011,"食道",71.25
"2310","嘉義縣鹿草鄉",2011,"食道",45.73
"2311","嘉義縣梅山鄉",2011,"食道",18.81
"2312","嘉義縣民雄鄉",2011,"食道",16.68
"2313","嘉義縣朴子市",2011,"食道",34.24
"2314","嘉義縣水上鄉",2011,"食道",44.68
"2315","嘉義縣太保市",2011,"食道",0
"2316","嘉義縣溪口鄉",2011,"食道",0
"2317","嘉義縣中埔鄉",2011,"食道",29.14
"2318","嘉義縣新港鄉",2011,"食道",0
"2319","嘉義縣義竹鄉",2011,"食道",0
"2320","嘉義縣竹崎鄉",2011,"食道",50.97
"2321","嘉義市東區",2011,"胃",73.7
"2322","嘉義市西區",2011,"胃",37.85
"2323","嘉義縣阿里山鄉",2011,"胃",123.6
"2324","嘉義縣布袋鎮",2011,"胃",68.47
"2325","嘉義縣大埔鄉",2011,"胃",0
"2326","嘉義縣大林鎮",2011,"胃",42.53
"2327","嘉義縣東石鄉",2011,"胃",60.65
"2328","嘉義縣番路鄉",2011,"胃",43.45
"2329","嘉義縣六腳鄉",2011,"胃",77.66
"2330","嘉義縣鹿草鄉",2011,"胃",26.67
"2331","嘉義縣梅山鄉",2011,"胃",100.31
"2332","嘉義縣民雄鄉",2011,"胃",25.04
"2333","嘉義縣朴子市",2011,"胃",40.32
"2334","嘉義縣水上鄉",2011,"胃",65.49
"2335","嘉義縣太保市",2011,"胃",81.97
"2336","嘉義縣溪口鄉",2011,"胃",0
"2337","嘉義縣中埔鄉",2011,"胃",122.8
"2338","嘉義縣新港鄉",2011,"胃",38.23
"2339","嘉義縣義竹鄉",2011,"胃",62.9
"2340","嘉義縣竹崎鄉",2011,"胃",33.16
"2341","嘉義市東區",2011,"胰",25.42
"2342","嘉義市西區",2011,"胰",26.13
"2343","嘉義縣阿里山鄉",2011,"胰",0
"2344","嘉義縣布袋鎮",2011,"胰",15.29
"2345","嘉義縣大埔鄉",2011,"胰",0
"2346","嘉義縣大林鎮",2011,"胰",49.58
"2347","嘉義縣東石鄉",2011,"胰",26.34
"2348","嘉義縣番路鄉",2011,"胰",0
"2349","嘉義縣六腳鄉",2011,"胰",0
"2350","嘉義縣鹿草鄉",2011,"胰",44.49
"2351","嘉義縣梅山鄉",2011,"胰",0
"2352","嘉義縣民雄鄉",2011,"胰",35.56
"2353","嘉義縣朴子市",2011,"胰",22.32
"2354","嘉義縣水上鄉",2011,"胰",20.1
"2355","嘉義縣太保市",2011,"胰",77.26
"2356","嘉義縣溪口鄉",2011,"胰",0
"2357","嘉義縣中埔鄉",2011,"胰",13.31
"2358","嘉義縣新港鄉",2011,"胰",26.42
"2359","嘉義縣義竹鄉",2011,"胰",40.88
"2360","嘉義縣竹崎鄉",2011,"胰",30.28
"2361","嘉義市東區",2011,"直腸與肛門",116.2
"2362","嘉義市西區",2011,"直腸與肛門",76.82
"2363","嘉義縣阿里山鄉",2011,"直腸與肛門",0
"2364","嘉義縣布袋鎮",2011,"直腸與肛門",125.46
"2365","嘉義縣大埔鄉",2011,"直腸與肛門",0
"2366","嘉義縣大林鎮",2011,"直腸與肛門",83.47
"2367","嘉義縣東石鄉",2011,"直腸與肛門",120.06
"2368","嘉義縣番路鄉",2011,"直腸與肛門",134.88
"2369","嘉義縣六腳鄉",2011,"直腸與肛門",98.81
"2370","嘉義縣鹿草鄉",2011,"直腸與肛門",183.72
"2371","嘉義縣梅山鄉",2011,"直腸與肛門",154.6
"2372","嘉義縣民雄鄉",2011,"直腸與肛門",207.04
"2373","嘉義縣朴子市",2011,"直腸與肛門",127.89
"2374","嘉義縣水上鄉",2011,"直腸與肛門",98.15
"2375","嘉義縣太保市",2011,"直腸與肛門",121.37
"2376","嘉義縣溪口鄉",2011,"直腸與肛門",97.85
"2377","嘉義縣中埔鄉",2011,"直腸與肛門",164.69
"2378","嘉義縣新港鄉",2011,"直腸與肛門",78.2
"2379","嘉義縣義竹鄉",2011,"直腸與肛門",120.02
"2380","嘉義縣竹崎鄉",2011,"直腸與肛門",139.58
"2381","嘉義市東區",2011,"子宮頸",53.12
"2382","嘉義市西區",2011,"子宮頸",18.11
"2383","嘉義縣阿里山鄉",2011,"子宮頸",0
"2384","嘉義縣布袋鎮",2011,"子宮頸",52.29
"2385","嘉義縣大埔鄉",2011,"子宮頸",0
"2386","嘉義縣大林鎮",2011,"子宮頸",81.87
"2387","嘉義縣東石鄉",2011,"子宮頸",56.35
"2388","嘉義縣番路鄉",2011,"子宮頸",0
"2389","嘉義縣六腳鄉",2011,"子宮頸",26.06
"2390","嘉義縣鹿草鄉",2011,"子宮頸",104.8
"2391","嘉義縣梅山鄉",2011,"子宮頸",29.62
"2392","嘉義縣民雄鄉",2011,"子宮頸",16.98
"2393","嘉義縣朴子市",2011,"子宮頸",0
"2394","嘉義縣水上鄉",2011,"子宮頸",39
"2395","嘉義縣太保市",2011,"子宮頸",0
"2396","嘉義縣溪口鄉",2011,"子宮頸",0
"2397","嘉義縣中埔鄉",2011,"子宮頸",23.51
"2398","嘉義縣新港鄉",2011,"子宮頸",0
"2399","嘉義縣義竹鄉",2011,"子宮頸",39.92
"2400","嘉義縣竹崎鄉",2011,"子宮頸",0
"2401","嘉義市東區",2012,"白血病",6.67
"2402","嘉義市西區",2012,"白血病",24.85
"2403","嘉義縣阿里山鄉",2012,"白血病",0
"2404","嘉義縣布袋鎮",2012,"白血病",17.95
"2405","嘉義縣大埔鄉",2012,"白血病",0
"2406","嘉義縣大林鎮",2012,"白血病",34.15
"2407","嘉義縣東石鄉",2012,"白血病",70.35
"2408","嘉義縣番路鄉",2012,"白血病",0
"2409","嘉義縣六腳鄉",2012,"白血病",10.76
"2410","嘉義縣鹿草鄉",2012,"白血病",36.04
"2411","嘉義縣梅山鄉",2012,"白血病",18.54
"2412","嘉義縣民雄鄉",2012,"白血病",49.61
"2413","嘉義縣朴子市",2012,"白血病",9.83
"2414","嘉義縣水上鄉",2012,"白血病",30.74
"2415","嘉義縣太保市",2012,"白血病",23.45
"2416","嘉義縣溪口鄉",2012,"白血病",0
"2417","嘉義縣中埔鄉",2012,"白血病",76.37
"2418","嘉義縣新港鄉",2012,"白血病",12.49
"2419","嘉義縣義竹鄉",2012,"白血病",14.73
"2420","嘉義縣竹崎鄉",2012,"白血病",12.53
"2421","嘉義市東區",2012,"膀胱",95.11
"2422","嘉義市西區",2012,"膀胱",49.82
"2423","嘉義縣阿里山鄉",2012,"膀胱",203.66
"2424","嘉義縣布袋鎮",2012,"膀胱",108.72
"2425","嘉義縣大埔鄉",2012,"膀胱",0
"2426","嘉義縣大林鎮",2012,"膀胱",55.3
"2427","嘉義縣東石鄉",2012,"膀胱",25.92
"2428","嘉義縣番路鄉",2012,"膀胱",0
"2429","嘉義縣六腳鄉",2012,"膀胱",25.59
"2430","嘉義縣鹿草鄉",2012,"膀胱",26.72
"2431","嘉義縣梅山鄉",2012,"膀胱",0
"2432","嘉義縣民雄鄉",2012,"膀胱",32.18
"2433","嘉義縣朴子市",2012,"膀胱",21.93
"2434","嘉義縣水上鄉",2012,"膀胱",40.44
"2435","嘉義縣太保市",2012,"膀胱",20.16
"2436","嘉義縣溪口鄉",2012,"膀胱",93.09
"2437","嘉義縣中埔鄉",2012,"膀胱",111.53
"2438","嘉義縣新港鄉",2012,"膀胱",12.49
"2439","嘉義縣義竹鄉",2012,"膀胱",31.7
"2440","嘉義縣竹崎鄉",2012,"膀胱",25.87
"2441","嘉義市東區",2012,"非何杰金氏淋巴瘤",42.45
"2442","嘉義市西區",2012,"非何杰金氏淋巴瘤",4.47
"2443","嘉義縣阿里山鄉",2012,"非何杰金氏淋巴瘤",119.56
"2444","嘉義縣布袋鎮",2012,"非何杰金氏淋巴瘤",0
"2445","嘉義縣大埔鄉",2012,"非何杰金氏淋巴瘤",0
"2446","嘉義縣大林鎮",2012,"非何杰金氏淋巴瘤",38.59
"2447","嘉義縣東石鄉",2012,"非何杰金氏淋巴瘤",30.85
"2448","嘉義縣番路鄉",2012,"非何杰金氏淋巴瘤",51.5
"2449","嘉義縣六腳鄉",2012,"非何杰金氏淋巴瘤",0
"2450","嘉義縣鹿草鄉",2012,"非何杰金氏淋巴瘤",0
"2451","嘉義縣梅山鄉",2012,"非何杰金氏淋巴瘤",16.08
"2452","嘉義縣民雄鄉",2012,"非何杰金氏淋巴瘤",48.23
"2453","嘉義縣朴子市",2012,"非何杰金氏淋巴瘤",44.61
"2454","嘉義縣水上鄉",2012,"非何杰金氏淋巴瘤",44.26
"2455","嘉義縣太保市",2012,"非何杰金氏淋巴瘤",23.45
"2456","嘉義縣溪口鄉",2012,"非何杰金氏淋巴瘤",0
"2457","嘉義縣中埔鄉",2012,"非何杰金氏淋巴瘤",34.49
"2458","嘉義縣新港鄉",2012,"非何杰金氏淋巴瘤",78.81
"2459","嘉義縣義竹鄉",2012,"非何杰金氏淋巴瘤",39.97
"2460","嘉義縣竹崎鄉",2012,"非何杰金氏淋巴瘤",0
"2461","嘉義市東區",2012,"肺.支氣管及氣管",263.76
"2462","嘉義市西區",2012,"肺.支氣管及氣管",210.4
"2463","嘉義縣阿里山鄉",2012,"肺.支氣管及氣管",188.58
"2464","嘉義縣布袋鎮",2012,"肺.支氣管及氣管",414.79
"2465","嘉義縣大埔鄉",2012,"肺.支氣管及氣管",239.12
"2466","嘉義縣大林鎮",2012,"肺.支氣管及氣管",260.88
"2467","嘉義縣東石鄉",2012,"肺.支氣管及氣管",217.45
"2468","嘉義縣番路鄉",2012,"肺.支氣管及氣管",179.78
"2469","嘉義縣六腳鄉",2012,"肺.支氣管及氣管",188.85
"2470","嘉義縣鹿草鄉",2012,"肺.支氣管及氣管",325.52
"2471","嘉義縣梅山鄉",2012,"肺.支氣管及氣管",140.1
"2472","嘉義縣民雄鄉",2012,"肺.支氣管及氣管",240.41
"2473","嘉義縣朴子市",2012,"肺.支氣管及氣管",255.37
"2474","嘉義縣水上鄉",2012,"肺.支氣管及氣管",274.98
"2475","嘉義縣太保市",2012,"肺.支氣管及氣管",199.09
"2476","嘉義縣溪口鄉",2012,"肺.支氣管及氣管",268.17
"2477","嘉義縣中埔鄉",2012,"肺.支氣管及氣管",294.15
"2478","嘉義縣新港鄉",2012,"肺.支氣管及氣管",323.38
"2479","嘉義縣義竹鄉",2012,"肺.支氣管及氣管",322.9
"2480","嘉義縣竹崎鄉",2012,"肺.支氣管及氣管",208.71
"2481","嘉義市東區",2012,"肝及肝內膽管",338.96
"2482","嘉義市西區",2012,"肝及肝內膽管",256.17
"2483","嘉義縣阿里山鄉",2012,"肝及肝內膽管",506.09
"2484","嘉義縣布袋鎮",2012,"肝及肝內膽管",207.69
"2485","嘉義縣大埔鄉",2012,"肝及肝內膽管",186.31
"2486","嘉義縣大林鎮",2012,"肝及肝內膽管",410.42
"2487","嘉義縣東石鄉",2012,"肝及肝內膽管",261.45
"2488","嘉義縣番路鄉",2012,"肝及肝內膽管",300.17
"2489","嘉義縣六腳鄉",2012,"肝及肝內膽管",237.23
"2490","嘉義縣鹿草鄉",2012,"肝及肝內膽管",242.51
"2491","嘉義縣梅山鄉",2012,"肝及肝內膽管",156.31
"2492","嘉義縣民雄鄉",2012,"肝及肝內膽管",226.77
"2493","嘉義縣朴子市",2012,"肝及肝內膽管",155.55
"2494","嘉義縣水上鄉",2012,"肝及肝內膽管",184.35
"2495","嘉義縣太保市",2012,"肝及肝內膽管",401.15
"2496","嘉義縣溪口鄉",2012,"肝及肝內膽管",428.6
"2497","嘉義縣中埔鄉",2012,"肝及肝內膽管",311.29
"2498","嘉義縣新港鄉",2012,"肝及肝內膽管",233.08
"2499","嘉義縣義竹鄉",2012,"肝及肝內膽管",105.99
"2500","嘉義縣竹崎鄉",2012,"肝及肝內膽管",307.32
"2501","嘉義市東區",2012,"結腸",227.74
"2502","嘉義市西區",2012,"結腸",260.31
"2503","嘉義縣阿里山鄉",2012,"結腸",188.58
"2504","嘉義縣布袋鎮",2012,"結腸",143.72
"2505","嘉義縣大埔鄉",2012,"結腸",319.35
"2506","嘉義縣大林鎮",2012,"結腸",171.31
"2507","嘉義縣東石鄉",2012,"結腸",301.84
"2508","嘉義縣番路鄉",2012,"結腸",81.12
"2509","嘉義縣六腳鄉",2012,"結腸",106.38
"2510","嘉義縣鹿草鄉",2012,"結腸",157.14
"2511","嘉義縣梅山鄉",2012,"結腸",92.55
"2512","嘉義縣民雄鄉",2012,"結腸",226.46
"2513","嘉義縣朴子市",2012,"結腸",185.77
"2514","嘉義縣水上鄉",2012,"結腸",111.54
"2515","嘉義縣太保市",2012,"結腸",198.31
"2516","嘉義縣溪口鄉",2012,"結腸",213.93
"2517","嘉義縣中埔鄉",2012,"結腸",252.98
"2518","嘉義縣新港鄉",2012,"結腸",75.05
"2519","嘉義縣義竹鄉",2012,"結腸",106.34
"2520","嘉義縣竹崎鄉",2012,"結腸",59.4
"2521","嘉義市東區",2012,"口腔.口咽及下咽",42.45
"2522","嘉義市西區",2012,"口腔.口咽及下咽",56.08
"2523","嘉義縣阿里山鄉",2012,"口腔.口咽及下咽",0
"2524","嘉義縣布袋鎮",2012,"口腔.口咽及下咽",0
"2525","嘉義縣大埔鄉",2012,"口腔.口咽及下咽",239.12
"2526","嘉義縣大林鎮",2012,"口腔.口咽及下咽",39.14
"2527","嘉義縣東石鄉",2012,"口腔.口咽及下咽",76
"2528","嘉義縣番路鄉",2012,"口腔.口咽及下咽",96
"2529","嘉義縣六腳鄉",2012,"口腔.口咽及下咽",25.59
"2530","嘉義縣鹿草鄉",2012,"口腔.口咽及下咽",118.01
"2531","嘉義縣梅山鄉",2012,"口腔.口咽及下咽",46.28
"2532","嘉義縣民雄鄉",2012,"口腔.口咽及下咽",80.32
"2533","嘉義縣朴子市",2012,"口腔.口咽及下咽",48.36
"2534","嘉義縣水上鄉",2012,"口腔.口咽及下咽",86.68
"2535","嘉義縣太保市",2012,"口腔.口咽及下咽",34.1
"2536","嘉義縣溪口鄉",2012,"口腔.口咽及下咽",23.68
"2537","嘉義縣中埔鄉",2012,"口腔.口咽及下咽",63.31
"2538","嘉義縣新港鄉",2012,"口腔.口咽及下咽",41.87
"2539","嘉義縣義竹鄉",2012,"口腔.口咽及下咽",0
"2540","嘉義縣竹崎鄉",2012,"口腔.口咽及下咽",55.02
"2541","嘉義市東區",2012,"卵巢.輸卵管及寬韌帶",26.1
"2542","嘉義市西區",2012,"卵巢.輸卵管及寬韌帶",27.44
"2543","嘉義縣阿里山鄉",2012,"卵巢.輸卵管及寬韌帶",0
"2544","嘉義縣布袋鎮",2012,"卵巢.輸卵管及寬韌帶",60.67
"2545","嘉義縣大埔鄉",2012,"卵巢.輸卵管及寬韌帶",0
"2546","嘉義縣大林鎮",2012,"卵巢.輸卵管及寬韌帶",0
"2547","嘉義縣東石鄉",2012,"卵巢.輸卵管及寬韌帶",0
"2548","嘉義縣番路鄉",2012,"卵巢.輸卵管及寬韌帶",0
"2549","嘉義縣六腳鄉",2012,"卵巢.輸卵管及寬韌帶",0
"2550","嘉義縣鹿草鄉",2012,"卵巢.輸卵管及寬韌帶",0
"2551","嘉義縣梅山鄉",2012,"卵巢.輸卵管及寬韌帶",0
"2552","嘉義縣民雄鄉",2012,"卵巢.輸卵管及寬韌帶",0
"2553","嘉義縣朴子市",2012,"卵巢.輸卵管及寬韌帶",21.65
"2554","嘉義縣水上鄉",2012,"卵巢.輸卵管及寬韌帶",21.05
"2555","嘉義縣太保市",2012,"卵巢.輸卵管及寬韌帶",0
"2556","嘉義縣溪口鄉",2012,"卵巢.輸卵管及寬韌帶",0
"2557","嘉義縣中埔鄉",2012,"卵巢.輸卵管及寬韌帶",0
"2558","嘉義縣新港鄉",2012,"卵巢.輸卵管及寬韌帶",0
"2559","嘉義縣義竹鄉",2012,"卵巢.輸卵管及寬韌帶",29.55
"2560","嘉義縣竹崎鄉",2012,"卵巢.輸卵管及寬韌帶",0
"2561","嘉義市東區",2012,"女性乳房",121.36
"2562","嘉義市西區",2012,"女性乳房",115.23
"2563","嘉義縣阿里山鄉",2012,"女性乳房",0
"2564","嘉義縣布袋鎮",2012,"女性乳房",23.96
"2565","嘉義縣大埔鄉",2012,"女性乳房",0
"2566","嘉義縣大林鎮",2012,"女性乳房",77.92
"2567","嘉義縣東石鄉",2012,"女性乳房",0
"2568","嘉義縣番路鄉",2012,"女性乳房",0
"2569","嘉義縣六腳鄉",2012,"女性乳房",117.34
"2570","嘉義縣鹿草鄉",2012,"女性乳房",39.77
"2571","嘉義縣梅山鄉",2012,"女性乳房",78.51
"2572","嘉義縣民雄鄉",2012,"女性乳房",127.28
"2573","嘉義縣朴子市",2012,"女性乳房",27.38
"2574","嘉義縣水上鄉",2012,"女性乳房",190.34
"2575","嘉義縣太保市",2012,"女性乳房",45.02
"2576","嘉義縣溪口鄉",2012,"女性乳房",0
"2577","嘉義縣中埔鄉",2012,"女性乳房",288.45
"2578","嘉義縣新港鄉",2012,"女性乳房",73.31
"2579","嘉義縣義竹鄉",2012,"女性乳房",50.88
"2580","嘉義縣竹崎鄉",2012,"女性乳房",103.19
"2581","嘉義市東區",2012,"攝護腺",250.74
"2582","嘉義市西區",2012,"攝護腺",242.86
"2583","嘉義縣阿里山鄉",2012,"攝護腺",228.66
"2584","嘉義縣布袋鎮",2012,"攝護腺",323.64
"2585","嘉義縣大埔鄉",2012,"攝護腺",0
"2586","嘉義縣大林鎮",2012,"攝護腺",230.8
"2587","嘉義縣東石鄉",2012,"攝護腺",105.14
"2588","嘉義縣番路鄉",2012,"攝護腺",511.39
"2589","嘉義縣六腳鄉",2012,"攝護腺",125.68
"2590","嘉義縣鹿草鄉",2012,"攝護腺",193.51
"2591","嘉義縣梅山鄉",2012,"攝護腺",300.31
"2592","嘉義縣民雄鄉",2012,"攝護腺",208.93
"2593","嘉義縣朴子市",2012,"攝護腺",438.02
"2594","嘉義縣水上鄉",2012,"攝護腺",359.23
"2595","嘉義縣太保市",2012,"攝護腺",131.88
"2596","嘉義縣溪口鄉",2012,"攝護腺",115.58
"2597","嘉義縣中埔鄉",2012,"攝護腺",311.28
"2598","嘉義縣新港鄉",2012,"攝護腺",219.52
"2599","嘉義縣義竹鄉",2012,"攝護腺",89.34
"2600","嘉義縣竹崎鄉",2012,"攝護腺",128.65
"2601","嘉義市東區",2012,"食道",13.53
"2602","嘉義市西區",2012,"食道",6.42
"2603","嘉義縣阿里山鄉",2012,"食道",0
"2604","嘉義縣布袋鎮",2012,"食道",31.79
"2605","嘉義縣大埔鄉",2012,"食道",0
"2606","嘉義縣大林鎮",2012,"食道",27.3
"2607","嘉義縣東石鄉",2012,"食道",19
"2608","嘉義縣番路鄉",2012,"食道",44.51
"2609","嘉義縣六腳鄉",2012,"食道",0
"2610","嘉義縣鹿草鄉",2012,"食道",0
"2611","嘉義縣梅山鄉",2012,"食道",63.75
"2612","嘉義縣民雄鄉",2012,"食道",11.46
"2613","嘉義縣朴子市",2012,"食道",12.09
"2614","嘉義縣水上鄉",2012,"食道",9.41
"2615","嘉義縣太保市",2012,"食道",0
"2616","嘉義縣溪口鄉",2012,"食道",23.68
"2617","嘉義縣中埔鄉",2012,"食道",13.08
"2618","嘉義縣新港鄉",2012,"食道",28.5
"2619","嘉義縣義竹鄉",2012,"食道",0
"2620","嘉義縣竹崎鄉",2012,"食道",0
"2621","嘉義市東區",2012,"胃",96.39
"2622","嘉義市西區",2012,"胃",108.72
"2623","嘉義縣阿里山鄉",2012,"胃",0
"2624","嘉義縣布袋鎮",2012,"胃",68.23
"2625","嘉義縣大埔鄉",2012,"胃",0
"2626","嘉義縣大林鎮",2012,"胃",50.7
"2627","嘉義縣東石鄉",2012,"胃",0
"2628","嘉義縣番路鄉",2012,"胃",205.07
"2629","嘉義縣六腳鄉",2012,"胃",32.81
"2630","嘉義縣鹿草鄉",2012,"胃",63.38
"2631","嘉義縣梅山鄉",2012,"胃",74.67
"2632","嘉義縣民雄鄉",2012,"胃",35.64
"2633","嘉義縣朴子市",2012,"胃",103.07
"2634","嘉義縣水上鄉",2012,"胃",56.37
"2635","嘉義縣太保市",2012,"胃",96.06
"2636","嘉義縣溪口鄉",2012,"胃",0
"2637","嘉義縣中埔鄉",2012,"胃",0
"2638","嘉義縣新港鄉",2012,"胃",35.69
"2639","嘉義縣義竹鄉",2012,"胃",46.43
"2640","嘉義縣竹崎鄉",2012,"胃",39.6
"2641","嘉義市東區",2012,"胰",43.19
"2642","嘉義市西區",2012,"胰",29.53
"2643","嘉義縣阿里山鄉",2012,"胰",0
"2644","嘉義縣布袋鎮",2012,"胰",14.84
"2645","嘉義縣大埔鄉",2012,"胰",0
"2646","嘉義縣大林鎮",2012,"胰",0
"2647","嘉義縣東石鄉",2012,"胰",0
"2648","嘉義縣番路鄉",2012,"胰",51.5
"2649","嘉義縣六腳鄉",2012,"胰",86.75
"2650","嘉義縣鹿草鄉",2012,"胰",0
"2651","嘉義縣梅山鄉",2012,"胰",18.54
"2652","嘉義縣民雄鄉",2012,"胰",17.32
"2653","嘉義縣朴子市",2012,"胰",9.83
"2654","嘉義縣水上鄉",2012,"胰",32.58
"2655","嘉義縣太保市",2012,"胰",54.25
"2656","嘉義縣溪口鄉",2012,"胰",97.11
"2657","嘉義縣中埔鄉",2012,"胰",48.28
"2658","嘉義縣新港鄉",2012,"胰",11.6
"2659","嘉義縣義竹鄉",2012,"胰",0
"2660","嘉義縣竹崎鄉",2012,"胰",17.22
"2661","嘉義市東區",2012,"直腸與肛門",94.88
"2662","嘉義市西區",2012,"直腸與肛門",120.2
"2663","嘉義縣阿里山鄉",2012,"直腸與肛門",0
"2664","嘉義縣布袋鎮",2012,"直腸與肛門",83.07
"2665","嘉義縣大埔鄉",2012,"直腸與肛門",239.12
"2666","嘉義縣大林鎮",2012,"直腸與肛門",160.61
"2667","嘉義縣東石鄉",2012,"直腸與肛門",111.11
"2668","嘉義縣番路鄉",2012,"直腸與肛門",0
"2669","嘉義縣六腳鄉",2012,"直腸與肛門",135.27
"2670","嘉義縣鹿草鄉",2012,"直腸與肛門",138.86
"2671","嘉義縣梅山鄉",2012,"直腸與肛門",138.86
"2672","嘉義縣民雄鄉",2012,"直腸與肛門",141.36
"2673","嘉義縣朴子市",2012,"直腸與肛門",57.02
"2674","嘉義縣水上鄉",2012,"直腸與肛門",84.41
"2675","嘉義縣太保市",2012,"直腸與肛門",86.97
"2676","嘉義縣溪口鄉",2012,"直腸與肛門",67.42
"2677","嘉義縣中埔鄉",2012,"直腸與肛門",68.08
"2678","嘉義縣新港鄉",2012,"直腸與肛門",116.33
"2679","嘉義縣義竹鄉",2012,"直腸與肛門",57.06
"2680","嘉義縣竹崎鄉",2012,"直腸與肛門",105.94
"2681","嘉義市東區",2012,"子宮頸",9.72
"2682","嘉義市西區",2012,"子宮頸",0
"2683","嘉義縣阿里山鄉",2012,"子宮頸",0
"2684","嘉義縣布袋鎮",2012,"子宮頸",0
"2685","嘉義縣大埔鄉",2012,"子宮頸",0
"2686","嘉義縣大林鎮",2012,"子宮頸",0
"2687","嘉義縣東石鄉",2012,"子宮頸",20.87
"2688","嘉義縣番路鄉",2012,"子宮頸",0
"2689","嘉義縣六腳鄉",2012,"子宮頸",0
"2690","嘉義縣鹿草鄉",2012,"子宮頸",0
"2691","嘉義縣梅山鄉",2012,"子宮頸",0
"2692","嘉義縣民雄鄉",2012,"子宮頸",35.27
"2693","嘉義縣朴子市",2012,"子宮頸",15.7
"2694","嘉義縣水上鄉",2012,"子宮頸",0
"2695","嘉義縣太保市",2012,"子宮頸",0
"2696","嘉義縣溪口鄉",2012,"子宮頸",0
"2697","嘉義縣中埔鄉",2012,"子宮頸",72.54
"2698","嘉義縣新港鄉",2012,"子宮頸",0
"2699","嘉義縣義竹鄉",2012,"子宮頸",0
"2700","嘉義縣竹崎鄉",2012,"子宮頸",70.91
"2701","嘉義市東區",2013,"白血病",37.06
"2702","嘉義市西區",2013,"白血病",31.25
"2703","嘉義縣阿里山鄉",2013,"白血病",175.89
"2704","嘉義縣布袋鎮",2013,"白血病",29.84
"2705","嘉義縣大埔鄉",2013,"白血病",0
"2706","嘉義縣大林鎮",2013,"白血病",51.28
"2707","嘉義縣東石鄉",2013,"白血病",0
"2708","嘉義縣番路鄉",2013,"白血病",0
"2709","嘉義縣六腳鄉",2013,"白血病",60.97
"2710","嘉義縣鹿草鄉",2013,"白血病",0
"2711","嘉義縣梅山鄉",2013,"白血病",37.84
"2712","嘉義縣民雄鄉",2013,"白血病",0
"2713","嘉義縣朴子市",2013,"白血病",52.76
"2714","嘉義縣水上鄉",2013,"白血病",35.56
"2715","嘉義縣太保市",2013,"白血病",18.91
"2716","嘉義縣溪口鄉",2013,"白血病",20.52
"2717","嘉義縣中埔鄉",2013,"白血病",21.65
"2718","嘉義縣新港鄉",2013,"白血病",0
"2719","嘉義縣義竹鄉",2013,"白血病",40.38
"2720","嘉義縣竹崎鄉",2013,"白血病",11.38
"2721","嘉義市東區",2013,"膀胱",42.85
"2722","嘉義市西區",2013,"膀胱",41.06
"2723","嘉義縣阿里山鄉",2013,"膀胱",0
"2724","嘉義縣布袋鎮",2013,"膀胱",168.65
"2725","嘉義縣大埔鄉",2013,"膀胱",0
"2726","嘉義縣大林鎮",2013,"膀胱",108.71
"2727","嘉義縣東石鄉",2013,"膀胱",73.05
"2728","嘉義縣番路鄉",2013,"膀胱",0
"2729","嘉義縣六腳鄉",2013,"膀胱",91.23
"2730","嘉義縣鹿草鄉",2013,"膀胱",73.43
"2731","嘉義縣梅山鄉",2013,"膀胱",49.78
"2732","嘉義縣民雄鄉",2013,"膀胱",58.11
"2733","嘉義縣朴子市",2013,"膀胱",87.36
"2734","嘉義縣水上鄉",2013,"膀胱",17.93
"2735","嘉義縣太保市",2013,"膀胱",46.18
"2736","嘉義縣溪口鄉",2013,"膀胱",45.21
"2737","嘉義縣中埔鄉",2013,"膀胱",15.65
"2738","嘉義縣新港鄉",2013,"膀胱",36.2
"2739","嘉義縣義竹鄉",2013,"膀胱",64.9
"2740","嘉義縣竹崎鄉",2013,"膀胱",0
"2741","嘉義市東區",2013,"非何杰金氏淋巴瘤",47.75
"2742","嘉義市西區",2013,"非何杰金氏淋巴瘤",57.99
"2743","嘉義縣阿里山鄉",2013,"非何杰金氏淋巴瘤",0
"2744","嘉義縣布袋鎮",2013,"非何杰金氏淋巴瘤",59.92
"2745","嘉義縣大埔鄉",2013,"非何杰金氏淋巴瘤",0
"2746","嘉義縣大林鎮",2013,"非何杰金氏淋巴瘤",35.83
"2747","嘉義縣東石鄉",2013,"非何杰金氏淋巴瘤",0
"2748","嘉義縣番路鄉",2013,"非何杰金氏淋巴瘤",0
"2749","嘉義縣六腳鄉",2013,"非何杰金氏淋巴瘤",47.74
"2750","嘉義縣鹿草鄉",2013,"非何杰金氏淋巴瘤",0
"2751","嘉義縣梅山鄉",2013,"非何杰金氏淋巴瘤",32.66
"2752","嘉義縣民雄鄉",2013,"非何杰金氏淋巴瘤",15.37
"2753","嘉義縣朴子市",2013,"非何杰金氏淋巴瘤",44.09
"2754","嘉義縣水上鄉",2013,"非何杰金氏淋巴瘤",40.32
"2755","嘉義縣太保市",2013,"非何杰金氏淋巴瘤",0
"2756","嘉義縣溪口鄉",2013,"非何杰金氏淋巴瘤",118.47
"2757","嘉義縣中埔鄉",2013,"非何杰金氏淋巴瘤",0
"2758","嘉義縣新港鄉",2013,"非何杰金氏淋巴瘤",81.98
"2759","嘉義縣義竹鄉",2013,"非何杰金氏淋巴瘤",24.11
"2760","嘉義縣竹崎鄉",2013,"非何杰金氏淋巴瘤",79.54
"2761","嘉義市東區",2013,"肺.支氣管及氣管",155.73
"2762","嘉義市西區",2013,"肺.支氣管及氣管",229.67
"2763","嘉義縣阿里山鄉",2013,"肺.支氣管及氣管",358.47
"2764","嘉義縣布袋鎮",2013,"肺.支氣管及氣管",361.95
"2765","嘉義縣大埔鄉",2013,"肺.支氣管及氣管",166.3
"2766","嘉義縣大林鎮",2013,"肺.支氣管及氣管",180.47
"2767","嘉義縣東石鄉",2013,"肺.支氣管及氣管",268.78
"2768","嘉義縣番路鄉",2013,"肺.支氣管及氣管",311.21
"2769","嘉義縣六腳鄉",2013,"肺.支氣管及氣管",309
"2770","嘉義縣鹿草鄉",2013,"肺.支氣管及氣管",295.37
"2771","嘉義縣梅山鄉",2013,"肺.支氣管及氣管",63.91
"2772","嘉義縣民雄鄉",2013,"肺.支氣管及氣管",386.29
"2773","嘉義縣朴子市",2013,"肺.支氣管及氣管",299.67
"2774","嘉義縣水上鄉",2013,"肺.支氣管及氣管",153.73
"2775","嘉義縣太保市",2013,"肺.支氣管及氣管",279.32
"2776","嘉義縣溪口鄉",2013,"肺.支氣管及氣管",319.33
"2777","嘉義縣中埔鄉",2013,"肺.支氣管及氣管",242.92
"2778","嘉義縣新港鄉",2013,"肺.支氣管及氣管",169.29
"2779","嘉義縣義竹鄉",2013,"肺.支氣管及氣管",249.14
"2780","嘉義縣竹崎鄉",2013,"肺.支氣管及氣管",254.72
"2781","嘉義市東區",2013,"肝及肝內膽管",299.71
"2782","嘉義市西區",2013,"肝及肝內膽管",458.52
"2783","嘉義縣阿里山鄉",2013,"肝及肝內膽管",336.12
"2784","嘉義縣布袋鎮",2013,"肝及肝內膽管",361.92
"2785","嘉義縣大埔鄉",2013,"肝及肝內膽管",207.87
"2786","嘉義縣大林鎮",2013,"肝及肝內膽管",322.66
"2787","嘉義縣東石鄉",2013,"肝及肝內膽管",483.39
"2788","嘉義縣番路鄉",2013,"肝及肝內膽管",313.91
"2789","嘉義縣六腳鄉",2013,"肝及肝內膽管",154.52
"2790","嘉義縣鹿草鄉",2013,"肝及肝內膽管",232.38
"2791","嘉義縣梅山鄉",2013,"肝及肝內膽管",163.78
"2792","嘉義縣民雄鄉",2013,"肝及肝內膽管",305.64
"2793","嘉義縣朴子市",2013,"肝及肝內膽管",274.19
"2794","嘉義縣水上鄉",2013,"肝及肝內膽管",309.79
"2795","嘉義縣太保市",2013,"肝及肝內膽管",404.82
"2796","嘉義縣溪口鄉",2013,"肝及肝內膽管",336.08
"2797","嘉義縣中埔鄉",2013,"肝及肝內膽管",316.64
"2798","嘉義縣新港鄉",2013,"肝及肝內膽管",445.72
"2799","嘉義縣義竹鄉",2013,"肝及肝內膽管",279.83
"2800","嘉義縣竹崎鄉",2013,"肝及肝內膽管",339.04
"2801","嘉義市東區",2013,"結腸",277.42
"2802","嘉義市西區",2013,"結腸",215.99
"2803","嘉義縣阿里山鄉",2013,"結腸",118.78
"2804","嘉義縣布袋鎮",2013,"結腸",192.76
"2805","嘉義縣大埔鄉",2013,"結腸",118.02
"2806","嘉義縣大林鎮",2013,"結腸",162.2
"2807","嘉義縣東石鄉",2013,"結腸",59.08
"2808","嘉義縣番路鄉",2013,"結腸",112.26
"2809","嘉義縣六腳鄉",2013,"結腸",86.27
"2810","嘉義縣鹿草鄉",2013,"結腸",183.22
"2811","嘉義縣梅山鄉",2013,"結腸",123.93
"2812","嘉義縣民雄鄉",2013,"結腸",186.62
"2813","嘉義縣朴子市",2013,"結腸",246.06
"2814","嘉義縣水上鄉",2013,"結腸",157.63
"2815","嘉義縣太保市",2013,"結腸",151.54
"2816","嘉義縣溪口鄉",2013,"結腸",276.97
"2817","嘉義縣中埔鄉",2013,"結腸",159.1
"2818","嘉義縣新港鄉",2013,"結腸",125.07
"2819","嘉義縣義竹鄉",2013,"結腸",88.61
"2820","嘉義縣竹崎鄉",2013,"結腸",119.48
"2821","嘉義市東區",2013,"口腔.口咽及下咽",68.03
"2822","嘉義市西區",2013,"口腔.口咽及下咽",69.91
"2823","嘉義縣阿里山鄉",2013,"口腔.口咽及下咽",0
"2824","嘉義縣布袋鎮",2013,"口腔.口咽及下咽",59.89
"2825","嘉義縣大埔鄉",2013,"口腔.口咽及下咽",0
"2826","嘉義縣大林鎮",2013,"口腔.口咽及下咽",53.64
"2827","嘉義縣東石鄉",2013,"口腔.口咽及下咽",75.28
"2828","嘉義縣番路鄉",2013,"口腔.口咽及下咽",0
"2829","嘉義縣六腳鄉",2013,"口腔.口咽及下咽",78.06
"2830","嘉義縣鹿草鄉",2013,"口腔.口咽及下咽",151.34
"2831","嘉義縣梅山鄉",2013,"口腔.口咽及下咽",59.85
"2832","嘉義縣民雄鄉",2013,"口腔.口咽及下咽",105.69
"2833","嘉義縣朴子市",2013,"口腔.口咽及下咽",45.09
"2834","嘉義縣水上鄉",2013,"口腔.口咽及下咽",38.61
"2835","嘉義縣太保市",2013,"口腔.口咽及下咽",98.28
"2836","嘉義縣溪口鄉",2013,"口腔.口咽及下咽",52.49
"2837","嘉義縣中埔鄉",2013,"口腔.口咽及下咽",60.26
"2838","嘉義縣新港鄉",2013,"口腔.口咽及下咽",63.26
"2839","嘉義縣義竹鄉",2013,"口腔.口咽及下咽",96.03
"2840","嘉義縣竹崎鄉",2013,"口腔.口咽及下咽",79.54
"2841","嘉義市東區",2013,"卵巢.輸卵管及寬韌帶",0
"2842","嘉義市西區",2013,"卵巢.輸卵管及寬韌帶",14.61
"2843","嘉義縣阿里山鄉",2013,"卵巢.輸卵管及寬韌帶",0
"2844","嘉義縣布袋鎮",2013,"卵巢.輸卵管及寬韌帶",0
"2845","嘉義縣大埔鄉",2013,"卵巢.輸卵管及寬韌帶",0
"2846","嘉義縣大林鎮",2013,"卵巢.輸卵管及寬韌帶",0
"2847","嘉義縣東石鄉",2013,"卵巢.輸卵管及寬韌帶",24.65
"2848","嘉義縣番路鄉",2013,"卵巢.輸卵管及寬韌帶",0
"2849","嘉義縣六腳鄉",2013,"卵巢.輸卵管及寬韌帶",0
"2850","嘉義縣鹿草鄉",2013,"卵巢.輸卵管及寬韌帶",92.62
"2851","嘉義縣梅山鄉",2013,"卵巢.輸卵管及寬韌帶",28.51
"2852","嘉義縣民雄鄉",2013,"卵巢.輸卵管及寬韌帶",0
"2853","嘉義縣朴子市",2013,"卵巢.輸卵管及寬韌帶",0
"2854","嘉義縣水上鄉",2013,"卵巢.輸卵管及寬韌帶",43.77
"2855","嘉義縣太保市",2013,"卵巢.輸卵管及寬韌帶",0
"2856","嘉義縣溪口鄉",2013,"卵巢.輸卵管及寬韌帶",0
"2857","嘉義縣中埔鄉",2013,"卵巢.輸卵管及寬韌帶",24.46
"2858","嘉義縣新港鄉",2013,"卵巢.輸卵管及寬韌帶",33.66
"2859","嘉義縣義竹鄉",2013,"卵巢.輸卵管及寬韌帶",0
"2860","嘉義縣竹崎鄉",2013,"卵巢.輸卵管及寬韌帶",23.79
"2861","嘉義市東區",2013,"女性乳房",134.1
"2862","嘉義市西區",2013,"女性乳房",169.97
"2863","嘉義縣阿里山鄉",2013,"女性乳房",0
"2864","嘉義縣布袋鎮",2013,"女性乳房",83.51
"2865","嘉義縣大埔鄉",2013,"女性乳房",0
"2866","嘉義縣大林鎮",2013,"女性乳房",155.99
"2867","嘉義縣東石鄉",2013,"女性乳房",92.15
"2868","嘉義縣番路鄉",2013,"女性乳房",0
"2869","嘉義縣六腳鄉",2013,"女性乳房",117.71
"2870","嘉義縣鹿草鄉",2013,"女性乳房",0
"2871","嘉義縣梅山鄉",2013,"女性乳房",238.34
"2872","嘉義縣民雄鄉",2013,"女性乳房",69.07
"2873","嘉義縣朴子市",2013,"女性乳房",125.72
"2874","嘉義縣水上鄉",2013,"女性乳房",120.09
"2875","嘉義縣太保市",2013,"女性乳房",96.02
"2876","嘉義縣溪口鄉",2013,"女性乳房",189.07
"2877","嘉義縣中埔鄉",2013,"女性乳房",99.4
"2878","嘉義縣新港鄉",2013,"女性乳房",0
"2879","嘉義縣義竹鄉",2013,"女性乳房",89.58
"2880","嘉義縣竹崎鄉",2013,"女性乳房",33.16
"2881","嘉義市東區",2013,"攝護腺",273.72
"2882","嘉義市西區",2013,"攝護腺",253.42
"2883","嘉義縣阿里山鄉",2013,"攝護腺",295.04
"2884","嘉義縣布袋鎮",2013,"攝護腺",255.27
"2885","嘉義縣大埔鄉",2013,"攝護腺",419.21
"2886","嘉義縣大林鎮",2013,"攝護腺",55.02
"2887","嘉義縣東石鄉",2013,"攝護腺",276.26
"2888","嘉義縣番路鄉",2013,"攝護腺",0
"2889","嘉義縣六腳鄉",2013,"攝護腺",255.9
"2890","嘉義縣鹿草鄉",2013,"攝護腺",286.94
"2891","嘉義縣梅山鄉",2013,"攝護腺",294.15
"2892","嘉義縣民雄鄉",2013,"攝護腺",248.64
"2893","嘉義縣朴子市",2013,"攝護腺",172.79
"2894","嘉義縣水上鄉",2013,"攝護腺",362.51
"2895","嘉義縣太保市",2013,"攝護腺",186.82
"2896","嘉義縣溪口鄉",2013,"攝護腺",197.2
"2897","嘉義縣中埔鄉",2013,"攝護腺",131.51
"2898","嘉義縣新港鄉",2013,"攝護腺",193.57
"2899","嘉義縣義竹鄉",2013,"攝護腺",169.45
"2900","嘉義縣竹崎鄉",2013,"攝護腺",228.98
"2901","嘉義市東區",2013,"食道",6.56
"2902","嘉義市西區",2013,"食道",5.46
"2903","嘉義縣阿里山鄉",2013,"食道",175.89
"2904","嘉義縣布袋鎮",2013,"食道",77.19
"2905","嘉義縣大埔鄉",2013,"食道",0
"2906","嘉義縣大林鎮",2013,"食道",40.68
"2907","嘉義縣東石鄉",2013,"食道",31.13
"2908","嘉義縣番路鄉",2013,"食道",0
"2909","嘉義縣六腳鄉",2013,"食道",25.36
"2910","嘉義縣鹿草鄉",2013,"食道",28.01
"2911","嘉義縣梅山鄉",2013,"食道",0
"2912","嘉義縣民雄鄉",2013,"食道",42.21
"2913","嘉義縣朴子市",2013,"食道",65.01
"2914","嘉義縣水上鄉",2013,"食道",31.36
"2915","嘉義縣太保市",2013,"食道",0
"2916","嘉義縣溪口鄉",2013,"食道",59.95
"2917","嘉義縣中埔鄉",2013,"食道",21.65
"2918","嘉義縣新港鄉",2013,"食道",0
"2919","嘉義縣義竹鄉",2013,"食道",40.38
"2920","嘉義縣竹崎鄉",2013,"食道",35.24
"2921","嘉義市東區",2013,"胃",83.13
"2922","嘉義市西區",2013,"胃",109.32
"2923","嘉義縣阿里山鄉",2013,"胃",147.82
"2924","嘉義縣布袋鎮",2013,"胃",110.72
"2925","嘉義縣大埔鄉",2013,"胃",0
"2926","嘉義縣大林鎮",2013,"胃",90.21
"2927","嘉義縣東石鄉",2013,"胃",60.04
"2928","嘉義縣番路鄉",2013,"胃",31.63
"2929","嘉義縣六腳鄉",2013,"胃",32.96
"2930","嘉義縣鹿草鄉",2013,"胃",84.12
"2931","嘉義縣梅山鄉",2013,"胃",56.25
"2932","嘉義縣民雄鄉",2013,"胃",22.72
"2933","嘉義縣朴子市",2013,"胃",71.27
"2934","嘉義縣水上鄉",2013,"胃",114.5
"2935","嘉義縣太保市",2013,"胃",61.57
"2936","嘉義縣溪口鄉",2013,"胃",29.98
"2937","嘉義縣中埔鄉",2013,"胃",38.51
"2938","嘉義縣新港鄉",2013,"胃",25.18
"2939","嘉義縣義竹鄉",2013,"胃",31.54
"2940","嘉義縣竹崎鄉",2013,"胃",13.11
"2941","嘉義市東區",2013,"胰",51.93
"2942","嘉義市西區",2013,"胰",72.8
"2943","嘉義縣阿里山鄉",2013,"胰",0
"2944","嘉義縣布袋鎮",2013,"胰",15.63
"2945","嘉義縣大埔鄉",2013,"胰",0
"2946","嘉義縣大林鎮",2013,"胰",97.8
"2947","嘉義縣東石鄉",2013,"胰",46.58
"2948","嘉義縣番路鄉",2013,"胰",31.63
"2949","嘉義縣六腳鄉",2013,"胰",36.26
"2950","嘉義縣鹿草鄉",2013,"胰",17.42
"2951","嘉義縣梅山鄉",2013,"胰",0
"2952","嘉義縣民雄鄉",2013,"胰",34.71
"2953","嘉義縣朴子市",2013,"胰",18.04
"2954","嘉義縣水上鄉",2013,"胰",47.33
"2955","嘉義縣太保市",2013,"胰",51.49
"2956","嘉義縣溪口鄉",2013,"胰",92.19
"2957","嘉義縣中埔鄉",2013,"胰",74.6
"2958","嘉義縣新港鄉",2013,"胰",23.41
"2959","嘉義縣義竹鄉",2013,"胰",0
"2960","嘉義縣竹崎鄉",2013,"胰",0
"2961","嘉義市東區",2013,"直腸與肛門",131.64
"2962","嘉義市西區",2013,"直腸與肛門",106.54
"2963","嘉義縣阿里山鄉",2013,"直腸與肛門",0
"2964","嘉義縣布袋鎮",2013,"直腸與肛門",79
"2965","嘉義縣大埔鄉",2013,"直腸與肛門",0
"2966","嘉義縣大林鎮",2013,"直腸與肛門",138.35
"2967","嘉義縣東石鄉",2013,"直腸與肛門",163.36
"2968","嘉義縣番路鄉",2013,"直腸與肛門",131.11
"2969","嘉義縣六腳鄉",2013,"直腸與肛門",38.53
"2970","嘉義縣鹿草鄉",2013,"直腸與肛門",168.13
"2971","嘉義縣梅山鄉",2013,"直腸與肛門",84.63
"2972","嘉義縣民雄鄉",2013,"直腸與肛門",110.97
"2973","嘉義縣朴子市",2013,"直腸與肛門",36.42
"2974","嘉義縣水上鄉",2013,"直腸與肛門",141.09
"2975","嘉義縣太保市",2013,"直腸與肛門",280.01
"2976","嘉義縣溪口鄉",2013,"直腸與肛門",132.96
"2977","嘉義縣中埔鄉",2013,"直腸與肛門",92.87
"2978","嘉義縣新港鄉",2013,"直腸與肛門",39.32
"2979","嘉義縣義竹鄉",2013,"直腸與肛門",37.71
"2980","嘉義縣竹崎鄉",2013,"直腸與肛門",46.31
"2981","嘉義市東區",2013,"子宮頸",10.33
"2982","嘉義市西區",2013,"子宮頸",16.01
"2983","嘉義縣阿里山鄉",2013,"子宮頸",0
"2984","嘉義縣布袋鎮",2013,"子宮頸",0
"2985","嘉義縣大埔鄉",2013,"子宮頸",0
"2986","嘉義縣大林鎮",2013,"子宮頸",0
"2987","嘉義縣東石鄉",2013,"子宮頸",0
"2988","嘉義縣番路鄉",2013,"子宮頸",0
"2989","嘉義縣六腳鄉",2013,"子宮頸",17.5
"2990","嘉義縣鹿草鄉",2013,"子宮頸",0
"2991","嘉義縣梅山鄉",2013,"子宮頸",0
"2992","嘉義縣民雄鄉",2013,"子宮頸",30.67
"2993","嘉義縣朴子市",2013,"子宮頸",0
"2994","嘉義縣水上鄉",2013,"子宮頸",0
"2995","嘉義縣太保市",2013,"子宮頸",59.73
"2996","嘉義縣溪口鄉",2013,"子宮頸",0
"2997","嘉義縣中埔鄉",2013,"子宮頸",42.74
"2998","嘉義縣新港鄉",2013,"子宮頸",52.72
"2999","嘉義縣義竹鄉",2013,"子宮頸",89.58
"3000","嘉義縣竹崎鄉",2013,"子宮頸",0
