county,year,cancer,RATE
東區,2004,白血病,29.75
西區,2004,白血病,23.27
阿里山鄉,2004,白血病,0
布袋鎮,2004,白血病,18.3
大埔鄉,2004,白血病,0
大林鎮,2004,白血病,38.4
東石鄉,2004,白血病,38.74
番路鄉,2004,白血病,54.53
六腳鄉,2004,白血病,0
鹿草鄉,2004,白血病,63.48
梅山鄉,2004,白血病,25.69
民雄鄉,2004,白血病,35.82
朴子市,2004,白血病,0
水上鄉,2004,白血病,31.63
太保市,2004,白血病,0
溪口鄉,2004,白血病,0
中埔鄉,2004,白血病,0
新港鄉,2004,白血病,38.85
義竹鄉,2004,白血病,0
竹崎鄉,2004,白血病,0
東區,2004,膀胱,21.72
西區,2004,膀胱,45.73
阿里山鄉,2004,膀胱,0
布袋鎮,2004,膀胱,189.92
大埔鄉,2004,膀胱,225.46
大林鎮,2004,膀胱,49.4
東石鄉,2004,膀胱,18.23
番路鄉,2004,膀胱,54.53
六腳鄉,2004,膀胱,141.66
鹿草鄉,2004,膀胱,112.7
梅山鄉,2004,膀胱,25.5
民雄鄉,2004,膀胱,39.81
朴子市,2004,膀胱,81.16
水上鄉,2004,膀胱,33.36
太保市,2004,膀胱,87.19
溪口鄉,2004,膀胱,70.17
中埔鄉,2004,膀胱,116.36
新港鄉,2004,膀胱,34.87
義竹鄉,2004,膀胱,190.4
竹崎鄉,2004,膀胱,93.22
東區,2004,非何杰金氏淋巴瘤,21.36
西區,2004,非何杰金氏淋巴瘤,39.99
阿里山鄉,2004,非何杰金氏淋巴瘤,110.2
布袋鎮,2004,非何杰金氏淋巴瘤,60.57
大埔鄉,2004,非何杰金氏淋巴瘤,0
大林鎮,2004,非何杰金氏淋巴瘤,16.12
東石鄉,2004,非何杰金氏淋巴瘤,33.8
番路鄉,2004,非何杰金氏淋巴瘤,0
六腳鄉,2004,非何杰金氏淋巴瘤,48.21
鹿草鄉,2004,非何杰金氏淋巴瘤,52.4
梅山鄉,2004,非何杰金氏淋巴瘤,28.81
民雄鄉,2004,非何杰金氏淋巴瘤,14.4
朴子市,2004,非何杰金氏淋巴瘤,33.44
水上鄉,2004,非何杰金氏淋巴瘤,35.39
太保市,2004,非何杰金氏淋巴瘤,25.73
溪口鄉,2004,非何杰金氏淋巴瘤,35.94
中埔鄉,2004,非何杰金氏淋巴瘤,0
新港鄉,2004,非何杰金氏淋巴瘤,18.4
義竹鄉,2004,非何杰金氏淋巴瘤,0
竹崎鄉,2004,非何杰金氏淋巴瘤,16.27
東區,2004,肺.支氣管及氣管,223.51
西區,2004,肺.支氣管及氣管,193.11
阿里山鄉,2004,肺.支氣管及氣管,0
布袋鎮,2004,肺.支氣管及氣管,582.45
大埔鄉,2004,肺.支氣管及氣管,0
大林鎮,2004,肺.支氣管及氣管,372.83
東石鄉,2004,肺.支氣管及氣管,217.76
番路鄉,2004,肺.支氣管及氣管,248.17
六腳鄉,2004,肺.支氣管及氣管,315.73
鹿草鄉,2004,肺.支氣管及氣管,277.41
梅山鄉,2004,肺.支氣管及氣管,224.93
民雄鄉,2004,肺.支氣管及氣管,289.44
朴子市,2004,肺.支氣管及氣管,274.55
水上鄉,2004,肺.支氣管及氣管,211.76
太保市,2004,肺.支氣管及氣管,238.95
溪口鄉,2004,肺.支氣管及氣管,471.68
中埔鄉,2004,肺.支氣管及氣管,314.31
新港鄉,2004,肺.支氣管及氣管,354.66
義竹鄉,2004,肺.支氣管及氣管,275.79
竹崎鄉,2004,肺.支氣管及氣管,179.32
東區,2004,肝及肝內膽管,355.26
西區,2004,肝及肝內膽管,513.9
阿里山鄉,2004,肝及肝內膽管,138.93
布袋鎮,2004,肝及肝內膽管,557.04
大埔鄉,2004,肝及肝內膽管,225.46
大林鎮,2004,肝及肝內膽管,213.99
東石鄉,2004,肝及肝內膽管,281.85
番路鄉,2004,肝及肝內膽管,503.37
六腳鄉,2004,肝及肝內膽管,343.58
鹿草鄉,2004,肝及肝內膽管,265.07
梅山鄉,2004,肝及肝內膽管,290.02
民雄鄉,2004,肝及肝內膽管,213.26
朴子市,2004,肝及肝內膽管,178.28
水上鄉,2004,肝及肝內膽管,233.31
太保市,2004,肝及肝內膽管,293.24
溪口鄉,2004,肝及肝內膽管,207.37
中埔鄉,2004,肝及肝內膽管,450.86
新港鄉,2004,肝及肝內膽管,435.91
義竹鄉,2004,肝及肝內膽管,437.55
竹崎鄉,2004,肝及肝內膽管,453.49
東區,2004,結腸,154.53
西區,2004,結腸,219.56
阿里山鄉,2004,結腸,167.82
布袋鎮,2004,結腸,203.95
大埔鄉,2004,結腸,0
大林鎮,2004,結腸,123
東石鄉,2004,結腸,164.8
番路鄉,2004,結腸,54.53
六腳鄉,2004,結腸,158.84
鹿草鄉,2004,結腸,29.39
梅山鄉,2004,結腸,235.03
民雄鄉,2004,結腸,114.48
朴子市,2004,結腸,65
水上鄉,2004,結腸,150.66
太保市,2004,結腸,189.77
溪口鄉,2004,結腸,34.06
中埔鄉,2004,結腸,128.41
新港鄉,2004,結腸,205.62
義竹鄉,2004,結腸,48.01
竹崎鄉,2004,結腸,89.48
東區,2004,口腔.口咽及下咽,53.88
西區,2004,口腔.口咽及下咽,87.54
阿里山鄉,2004,口腔.口咽及下咽,0
布袋鎮,2004,口腔.口咽及下咽,58.82
大埔鄉,2004,口腔.口咽及下咽,242.29
大林鎮,2004,口腔.口咽及下咽,59.63
東石鄉,2004,口腔.口咽及下咽,43.89
番路鄉,2004,口腔.口咽及下咽,120.09
六腳鄉,2004,口腔.口咽及下咽,38.14
鹿草鄉,2004,口腔.口咽及下咽,34.1
梅山鄉,2004,口腔.口咽及下咽,31.95
民雄鄉,2004,口腔.口咽及下咽,0
朴子市,2004,口腔.口咽及下咽,34.21
水上鄉,2004,口腔.口咽及下咽,29.44
太保市,2004,口腔.口咽及下咽,29.91
溪口鄉,2004,口腔.口咽及下咽,0
中埔鄉,2004,口腔.口咽及下咽,19.19
新港鄉,2004,口腔.口咽及下咽,36.61
義竹鄉,2004,口腔.口咽及下咽,48.01
竹崎鄉,2004,口腔.口咽及下咽,53.57
東區,2004,卵巢.輸卵管及寬韌帶,29.72
西區,2004,卵巢.輸卵管及寬韌帶,16.07
阿里山鄉,2004,卵巢.輸卵管及寬韌帶,0
布袋鎮,2004,卵巢.輸卵管及寬韌帶,38.63
大埔鄉,2004,卵巢.輸卵管及寬韌帶,0
大林鎮,2004,卵巢.輸卵管及寬韌帶,0
東石鄉,2004,卵巢.輸卵管及寬韌帶,0
番路鄉,2004,卵巢.輸卵管及寬韌帶,0
六腳鄉,2004,卵巢.輸卵管及寬韌帶,0
鹿草鄉,2004,卵巢.輸卵管及寬韌帶,0
梅山鄉,2004,卵巢.輸卵管及寬韌帶,65.92
民雄鄉,2004,卵巢.輸卵管及寬韌帶,24.36
朴子市,2004,卵巢.輸卵管及寬韌帶,0
水上鄉,2004,卵巢.輸卵管及寬韌帶,0
太保市,2004,卵巢.輸卵管及寬韌帶,58.26
溪口鄉,2004,卵巢.輸卵管及寬韌帶,0
中埔鄉,2004,卵巢.輸卵管及寬韌帶,66.93
新港鄉,2004,卵巢.輸卵管及寬韌帶,0
義竹鄉,2004,卵巢.輸卵管及寬韌帶,0
竹崎鄉,2004,卵巢.輸卵管及寬韌帶,0
東區,2004,女性乳房,89.16
西區,2004,女性乳房,152.83
阿里山鄉,2004,女性乳房,0
布袋鎮,2004,女性乳房,38.63
大埔鄉,2004,女性乳房,425.41
大林鎮,2004,女性乳房,116.05
東石鄉,2004,女性乳房,42.15
番路鄉,2004,女性乳房,240.71
六腳鄉,2004,女性乳房,71.42
鹿草鄉,2004,女性乳房,0
梅山鄉,2004,女性乳房,0
民雄鄉,2004,女性乳房,73.71
朴子市,2004,女性乳房,73.24
水上鄉,2004,女性乳房,127.07
太保市,2004,女性乳房,58.26
溪口鄉,2004,女性乳房,70.9
中埔鄉,2004,女性乳房,69.77
新港鄉,2004,女性乳房,31.49
義竹鄉,2004,女性乳房,36.95
竹崎鄉,2004,女性乳房,70.6
東區,2004,攝護腺,168.41
西區,2004,攝護腺,132.75
阿里山鄉,2004,攝護腺,0
布袋鎮,2004,攝護腺,226.36
大埔鄉,2004,攝護腺,0
大林鎮,2004,攝護腺,137.44
東石鄉,2004,攝護腺,368.87
番路鄉,2004,攝護腺,245.68
六腳鄉,2004,攝護腺,243.79
鹿草鄉,2004,攝護腺,127.9
梅山鄉,2004,攝護腺,97.56
民雄鄉,2004,攝護腺,158.32
朴子市,2004,攝護腺,260.63
水上鄉,2004,攝護腺,268.47
太保市,2004,攝護腺,170.38
溪口鄉,2004,攝護腺,73.76
中埔鄉,2004,攝護腺,147.4
新港鄉,2004,攝護腺,282.03
義竹鄉,2004,攝護腺,158.17
竹崎鄉,2004,攝護腺,124.74
東區,2004,食道,33.87
西區,2004,食道,24.21
阿里山鄉,2004,食道,0
布袋鎮,2004,食道,0
大埔鄉,2004,食道,0
大林鎮,2004,食道,37.35
東石鄉,2004,食道,21.95
番路鄉,2004,食道,0
六腳鄉,2004,食道,0
鹿草鄉,2004,食道,0
梅山鄉,2004,食道,0
民雄鄉,2004,食道,14.4
朴子市,2004,食道,16.71
水上鄉,2004,食道,26.73
太保市,2004,食道,59.83
溪口鄉,2004,食道,0
中埔鄉,2004,食道,33.29
新港鄉,2004,食道,16.47
義竹鄉,2004,食道,0
竹崎鄉,2004,食道,19.63
東區,2004,胃,95.23
西區,2004,胃,123
阿里山鄉,2004,胃,145.02
布袋鎮,2004,胃,62.7
大埔鄉,2004,胃,484.57
大林鎮,2004,胃,72.73
東石鄉,2004,胃,72.54
番路鄉,2004,胃,0
六腳鄉,2004,胃,74.15
鹿草鄉,2004,胃,56.62
梅山鄉,2004,胃,83.34
民雄鄉,2004,胃,38.69
朴子市,2004,胃,94.7
水上鄉,2004,胃,121.58
太保市,2004,胃,117.05
溪口鄉,2004,胃,29.55
中埔鄉,2004,胃,39.53
新港鄉,2004,胃,81.06
義竹鄉,2004,胃,93.91
竹崎鄉,2004,胃,100.51
東區,2004,胰,27.8
西區,2004,胰,34.13
阿里山鄉,2004,胰,0
布袋鎮,2004,胰,20.08
大埔鄉,2004,胰,0
大林鎮,2004,胰,38.4
東石鄉,2004,胰,0
番路鄉,2004,胰,59.49
六腳鄉,2004,胰,45.08
鹿草鄉,2004,胰,34.1
梅山鄉,2004,胰,0
民雄鄉,2004,胰,25.41
朴子市,2004,胰,15.63
水上鄉,2004,胰,38.84
太保市,2004,胰,29.91
溪口鄉,2004,胰,35.94
中埔鄉,2004,胰,53.05
新港鄉,2004,胰,20.24
義竹鄉,2004,胰,0
竹崎鄉,2004,胰,16.48
東區,2004,直腸與肛門,62.79
西區,2004,直腸與肛門,145.28
阿里山鄉,2004,直腸與肛門,145.02
布袋鎮,2004,直腸與肛門,168.25
大埔鄉,2004,直腸與肛門,0
大林鎮,2004,直腸與肛門,112.37
東石鄉,2004,直腸與肛門,143.56
番路鄉,2004,直腸與肛門,114.02
六腳鄉,2004,直腸與肛門,32.62
鹿草鄉,2004,直腸與肛門,154.22
梅山鄉,2004,直腸與肛門,108.84
民雄鄉,2004,直腸與肛門,91
朴子市,2004,直腸與肛門,78
水上鄉,2004,直腸與肛門,132.82
太保市,2004,直腸與肛門,58.2
溪口鄉,2004,直腸與肛門,129.1
中埔鄉,2004,直腸與肛門,106.05
新港鄉,2004,直腸與肛門,106.35
義竹鄉,2004,直腸與肛門,167.29
竹崎鄉,2004,直腸與肛門,146.38
東區,2004,子宮頸,72.06
西區,2004,子宮頸,48.48
阿里山鄉,2004,子宮頸,0
布袋鎮,2004,子宮頸,38.51
大埔鄉,2004,子宮頸,0
大林鎮,2004,子宮頸,33.37
東石鄉,2004,子宮頸,31.75
番路鄉,2004,子宮頸,0
六腳鄉,2004,子宮頸,49.74
鹿草鄉,2004,子宮頸,44.62
梅山鄉,2004,子宮頸,47.15
民雄鄉,2004,子宮頸,78.74
朴子市,2004,子宮頸,172.31
水上鄉,2004,子宮頸,63.34
太保市,2004,子宮頸,58.26
溪口鄉,2004,子宮頸,70.9
中埔鄉,2004,子宮頸,38.55
新港鄉,2004,子宮頸,98.27
義竹鄉,2004,子宮頸,0
竹崎鄉,2004,子宮頸,0
東區,2005,白血病,27.5
西區,2005,白血病,29.26
阿里山鄉,2005,白血病,0
布袋鎮,2005,白血病,0
大埔鄉,2005,白血病,0
大林鎮,2005,白血病,15.46
東石鄉,2005,白血病,0
番路鄉,2005,白血病,0
六腳鄉,2005,白血病,16.98
鹿草鄉,2005,白血病,33.05
梅山鄉,2005,白血病,0
民雄鄉,2005,白血病,11.07
朴子市,2005,白血病,14.82
水上鄉,2005,白血病,34.73
太保市,2005,白血病,85.22
溪口鄉,2005,白血病,36.04
中埔鄉,2005,白血病,15.7
新港鄉,2005,白血病,36.4
義竹鄉,2005,白血病,74.44
竹崎鄉,2005,白血病,20.6
東區,2005,膀胱,20.86
西區,2005,膀胱,74.85
阿里山鄉,2005,膀胱,0
布袋鎮,2005,膀胱,176.23
大埔鄉,2005,膀胱,0
大林鎮,2005,膀胱,90.85
東石鄉,2005,膀胱,74.16
番路鄉,2005,膀胱,0
六腳鄉,2005,膀胱,0
鹿草鄉,2005,膀胱,47.09
梅山鄉,2005,膀胱,26.38
民雄鄉,2005,膀胱,81.47
朴子市,2005,膀胱,30.26
水上鄉,2005,膀胱,57.82
太保市,2005,膀胱,117.13
溪口鄉,2005,膀胱,28.91
中埔鄉,2005,膀胱,119.45
新港鄉,2005,膀胱,128.51
義竹鄉,2005,膀胱,155.44
竹崎鄉,2005,膀胱,56.74
東區,2005,非何杰金氏淋巴瘤,50.48
西區,2005,非何杰金氏淋巴瘤,27.99
阿里山鄉,2005,非何杰金氏淋巴瘤,164.8
布袋鎮,2005,非何杰金氏淋巴瘤,30.24
大埔鄉,2005,非何杰金氏淋巴瘤,0
大林鎮,2005,非何杰金氏淋巴瘤,0
東石鄉,2005,非何杰金氏淋巴瘤,16.6
番路鄉,2005,非何杰金氏淋巴瘤,105.56
六腳鄉,2005,非何杰金氏淋巴瘤,14.88
鹿草鄉,2005,非何杰金氏淋巴瘤,0
梅山鄉,2005,非何杰金氏淋巴瘤,56.74
民雄鄉,2005,非何杰金氏淋巴瘤,37.88
朴子市,2005,非何杰金氏淋巴瘤,15.44
水上鄉,2005,非何杰金氏淋巴瘤,32.26
太保市,2005,非何杰金氏淋巴瘤,23.7
溪口鄉,2005,非何杰金氏淋巴瘤,31.06
中埔鄉,2005,非何杰金氏淋巴瘤,51.69
新港鄉,2005,非何杰金氏淋巴瘤,38.43
義竹鄉,2005,非何杰金氏淋巴瘤,21.96
竹崎鄉,2005,非何杰金氏淋巴瘤,55.65
東區,2005,肺.支氣管及氣管,267.06
西區,2005,肺.支氣管及氣管,300.14
阿里山鄉,2005,肺.支氣管及氣管,0
布袋鎮,2005,肺.支氣管及氣管,321.6
大埔鄉,2005,肺.支氣管及氣管,557.49
大林鎮,2005,肺.支氣管及氣管,203.58
東石鄉,2005,肺.支氣管及氣管,419.6
番路鄉,2005,肺.支氣管及氣管,100.8
六腳鄉,2005,肺.支氣管及氣管,326.45
鹿草鄉,2005,肺.支氣管及氣管,305.58
梅山鄉,2005,肺.支氣管及氣管,106.25
民雄鄉,2005,肺.支氣管及氣管,296.12
朴子市,2005,肺.支氣管及氣管,202.24
水上鄉,2005,肺.支氣管及氣管,205.2
太保市,2005,肺.支氣管及氣管,242.94
溪口鄉,2005,肺.支氣管及氣管,130.97
中埔鄉,2005,肺.支氣管及氣管,242.84
新港鄉,2005,肺.支氣管及氣管,261.07
義竹鄉,2005,肺.支氣管及氣管,217.33
竹崎鄉,2005,肺.支氣管及氣管,220.4
東區,2005,肝及肝內膽管,415.08
西區,2005,肝及肝內膽管,426.16
阿里山鄉,2005,肝及肝內膽管,435.95
布袋鎮,2005,肝及肝內膽管,406.75
大埔鄉,2005,肝及肝內膽管,411.64
大林鎮,2005,肝及肝內膽管,272.37
東石鄉,2005,肝及肝內膽管,381.12
番路鄉,2005,肝及肝內膽管,203.22
六腳鄉,2005,肝及肝內膽管,287.31
鹿草鄉,2005,肝及肝內膽管,271.2
梅山鄉,2005,肝及肝內膽管,179.35
民雄鄉,2005,肝及肝內膽管,185.24
朴子市,2005,肝及肝內膽管,211.47
水上鄉,2005,肝及肝內膽管,310.7
太保市,2005,肝及肝內膽管,579.09
溪口鄉,2005,肝及肝內膽管,315.86
中埔鄉,2005,肝及肝內膽管,407.85
新港鄉,2005,肝及肝內膽管,193.82
義竹鄉,2005,肝及肝內膽管,296.33
竹崎鄉,2005,肝及肝內膽管,557.03
東區,2005,結腸,240.79
西區,2005,結腸,148.27
阿里山鄉,2005,結腸,147.41
布袋鎮,2005,結腸,138.11
大埔鄉,2005,結腸,223.08
大林鎮,2005,結腸,211.03
東石鄉,2005,結腸,141.38
番路鄉,2005,結腸,177.02
六腳鄉,2005,結腸,145.84
鹿草鄉,2005,結腸,86.44
梅山鄉,2005,結腸,149.15
民雄鄉,2005,結腸,168.69
朴子市,2005,結腸,143.99
水上鄉,2005,結腸,133.35
太保市,2005,結腸,246.6
溪口鄉,2005,結腸,106.02
中埔鄉,2005,結腸,67.39
新港鄉,2005,結腸,160.8
義竹鄉,2005,結腸,189.67
竹崎鄉,2005,結腸,123.53
東區,2005,口腔.口咽及下咽,58.92
西區,2005,口腔.口咽及下咽,56.75
阿里山鄉,2005,口腔.口咽及下咽,106.35
布袋鎮,2005,口腔.口咽及下咽,57.55
大埔鄉,2005,口腔.口咽及下咽,237.43
大林鎮,2005,口腔.口咽及下咽,73.74
東石鄉,2005,口腔.口咽及下咽,38.37
番路鄉,2005,口腔.口咽及下咽,146.12
六腳鄉,2005,口腔.口咽及下咽,57.03
鹿草鄉,2005,口腔.口咽及下咽,116.34
梅山鄉,2005,口腔.口咽及下咽,0
民雄鄉,2005,口腔.口咽及下咽,53.89
朴子市,2005,口腔.口咽及下咽,0
水上鄉,2005,口腔.口咽及下咽,14.9
太保市,2005,口腔.口咽及下咽,117.1
溪口鄉,2005,口腔.口咽及下咽,101
中埔鄉,2005,口腔.口咽及下咽,83.93
新港鄉,2005,口腔.口咽及下咽,32.66
義竹鄉,2005,口腔.口咽及下咽,52.49
竹崎鄉,2005,口腔.口咽及下咽,96.16
東區,2005,卵巢.輸卵管及寬韌帶,44.49
西區,2005,卵巢.輸卵管及寬韌帶,12.56
阿里山鄉,2005,卵巢.輸卵管及寬韌帶,0
布袋鎮,2005,卵巢.輸卵管及寬韌帶,0
大埔鄉,2005,卵巢.輸卵管及寬韌帶,0
大林鎮,2005,卵巢.輸卵管及寬韌帶,40.03
東石鄉,2005,卵巢.輸卵管及寬韌帶,29.5
番路鄉,2005,卵巢.輸卵管及寬韌帶,95.27
六腳鄉,2005,卵巢.輸卵管及寬韌帶,0
鹿草鄉,2005,卵巢.輸卵管及寬韌帶,0
梅山鄉,2005,卵巢.輸卵管及寬韌帶,0
民雄鄉,2005,卵巢.輸卵管及寬韌帶,22.87
朴子市,2005,卵巢.輸卵管及寬韌帶,35.21
水上鄉,2005,卵巢.輸卵管及寬韌帶,28.45
太保市,2005,卵巢.輸卵管及寬韌帶,59.68
溪口鄉,2005,卵巢.輸卵管及寬韌帶,127.22
中埔鄉,2005,卵巢.輸卵管及寬韌帶,0
新港鄉,2005,卵巢.輸卵管及寬韌帶,0
義竹鄉,2005,卵巢.輸卵管及寬韌帶,0
竹崎鄉,2005,卵巢.輸卵管及寬韌帶,0
東區,2005,女性乳房,193.5
西區,2005,女性乳房,55.08
阿里山鄉,2005,女性乳房,0
布袋鎮,2005,女性乳房,70.13
大埔鄉,2005,女性乳房,0
大林鎮,2005,女性乳房,31.11
東石鄉,2005,女性乳房,0
番路鄉,2005,女性乳房,241.03
六腳鄉,2005,女性乳房,31.45
鹿草鄉,2005,女性乳房,65.68
梅山鄉,2005,女性乳房,61.8
民雄鄉,2005,女性乳房,101.56
朴子市,2005,女性乳房,80.09
水上鄉,2005,女性乳房,62.08
太保市,2005,女性乳房,59.68
溪口鄉,2005,女性乳房,0
中埔鄉,2005,女性乳房,119.36
新港鄉,2005,女性乳房,111.94
義竹鄉,2005,女性乳房,0
竹崎鄉,2005,女性乳房,28.99
東區,2005,攝護腺,215.53
西區,2005,攝護腺,184.41
阿里山鄉,2005,攝護腺,0
布袋鎮,2005,攝護腺,350.98
大埔鄉,2005,攝護腺,0
大林鎮,2005,攝護腺,201.18
東石鄉,2005,攝護腺,79.87
番路鄉,2005,攝護腺,240.87
六腳鄉,2005,攝護腺,203.05
鹿草鄉,2005,攝護腺,186.9
梅山鄉,2005,攝護腺,117.6
民雄鄉,2005,攝護腺,362.43
朴子市,2005,攝護腺,179.58
水上鄉,2005,攝護腺,244.35
太保市,2005,攝護腺,200.58
溪口鄉,2005,攝護腺,0
中埔鄉,2005,攝護腺,146.49
新港鄉,2005,攝護腺,182.39
義竹鄉,2005,攝護腺,103.62
竹崎鄉,2005,攝護腺,64.75
東區,2005,食道,22.61
西區,2005,食道,13.5
阿里山鄉,2005,食道,0
布袋鎮,2005,食道,38.48
大埔鄉,2005,食道,0
大林鎮,2005,食道,30.93
東石鄉,2005,食道,33.21
番路鄉,2005,食道,0
六腳鄉,2005,食道,23.07
鹿草鄉,2005,食道,33.05
梅山鄉,2005,食道,0
民雄鄉,2005,食道,23.99
朴子市,2005,食道,0
水上鄉,2005,食道,65.74
太保市,2005,食道,0
溪口鄉,2005,食道,31.06
中埔鄉,2005,食道,0
新港鄉,2005,食道,16.33
義竹鄉,2005,食道,99.84
竹崎鄉,2005,食道,0
東區,2005,胃,63.21
西區,2005,胃,50.05
阿里山鄉,2005,胃,147.41
布袋鎮,2005,胃,109.16
大埔鄉,2005,胃,0
大林鎮,2005,胃,15.46
東石鄉,2005,胃,185.86
番路鄉,2005,胃,71.46
六腳鄉,2005,胃,80.46
鹿草鄉,2005,胃,117.29
梅山鄉,2005,胃,0
民雄鄉,2005,胃,38.26
朴子市,2005,胃,78.58
水上鄉,2005,胃,91.08
太保市,2005,胃,86.75
溪口鄉,2005,胃,0
中埔鄉,2005,胃,35.16
新港鄉,2005,胃,75.39
義竹鄉,2005,胃,41.21
竹崎鄉,2005,胃,16.76
東區,2005,胰,27.63
西區,2005,胰,30.42
阿里山鄉,2005,胰,147.41
布袋鎮,2005,胰,0
大埔鄉,2005,胰,0
大林鎮,2005,胰,36.27
東石鄉,2005,胰,38.37
番路鄉,2005,胰,0
六腳鄉,2005,胰,29.77
鹿草鄉,2005,胰,59.74
梅山鄉,2005,胰,0
民雄鄉,2005,胰,63.19
朴子市,2005,胰,31.88
水上鄉,2005,胰,17.36
太保市,2005,胰,86.75
溪口鄉,2005,胰,57.82
中埔鄉,2005,胰,26.23
新港鄉,2005,胰,32.85
義竹鄉,2005,胰,21.96
竹崎鄉,2005,胰,65.64
東區,2005,直腸與肛門,74.52
西區,2005,直腸與肛門,136.98
阿里山鄉,2005,直腸與肛門,253.77
布袋鎮,2005,直腸與肛門,119.86
大埔鄉,2005,直腸與肛門,0
大林鎮,2005,直腸與肛門,144.88
東石鄉,2005,直腸與肛門,167.34
番路鄉,2005,直腸與肛門,49.71
六腳鄉,2005,直腸與肛門,244.81
鹿草鄉,2005,直腸與肛門,239.34
梅山鄉,2005,直腸與肛門,31.4
民雄鄉,2005,直腸與肛門,126.2
朴子市,2005,直腸與肛門,75.31
水上鄉,2005,直腸與肛門,90.08
太保市,2005,直腸與肛門,125.88
溪口鄉,2005,直腸與肛門,59.97
中埔鄉,2005,直腸與肛門,131.59
新港鄉,2005,直腸與肛門,96.6
義竹鄉,2005,直腸與肛門,126.49
竹崎鄉,2005,直腸與肛門,243.7
東區,2005,子宮頸,58.38
西區,2005,子宮頸,100.42
阿里山鄉,2005,子宮頸,0
布袋鎮,2005,子宮頸,32.38
大埔鄉,2005,子宮頸,0
大林鎮,2005,子宮頸,32.52
東石鄉,2005,子宮頸,0
番路鄉,2005,子宮頸,0
六腳鄉,2005,子宮頸,71.2
鹿草鄉,2005,子宮頸,40.92
梅山鄉,2005,子宮頸,48.46
民雄鄉,2005,子宮頸,51.62
朴子市,2005,子宮頸,48.62
水上鄉,2005,子宮頸,62.08
太保市,2005,子宮頸,0
溪口鄉,2005,子宮頸,0
中埔鄉,2005,子宮頸,188.22
新港鄉,2005,子宮頸,58.82
義竹鄉,2005,子宮頸,0
竹崎鄉,2005,子宮頸,78.26
東區,2006,白血病,74.84
西區,2006,白血病,7.88
阿里山鄉,2006,白血病,0
布袋鎮,2006,白血病,20.48
大埔鄉,2006,白血病,0
大林鎮,2006,白血病,51.73
東石鄉,2006,白血病,0
番路鄉,2006,白血病,0
六腳鄉,2006,白血病,17.98
鹿草鄉,2006,白血病,0
梅山鄉,2006,白血病,24.28
民雄鄉,2006,白血病,23.52
朴子市,2006,白血病,0
水上鄉,2006,白血病,47.18
太保市,2006,白血病,43.09
溪口鄉,2006,白血病,0
中埔鄉,2006,白血病,16.29
新港鄉,2006,白血病,0
義竹鄉,2006,白血病,0
竹崎鄉,2006,白血病,36.28
東區,2006,膀胱,18.94
西區,2006,膀胱,19.83
阿里山鄉,2006,膀胱,0
布袋鎮,2006,膀胱,145.47
大埔鄉,2006,膀胱,0
大林鎮,2006,膀胱,15.12
東石鄉,2006,膀胱,32.78
番路鄉,2006,膀胱,43.9
六腳鄉,2006,膀胱,27.19
鹿草鄉,2006,膀胱,0
梅山鄉,2006,膀胱,23.27
民雄鄉,2006,膀胱,97.44
朴子市,2006,膀胱,41.19
水上鄉,2006,膀胱,26.69
太保市,2006,膀胱,75.06
溪口鄉,2006,膀胱,0
中埔鄉,2006,膀胱,69.03
新港鄉,2006,膀胱,71.9
義竹鄉,2006,膀胱,125.42
竹崎鄉,2006,膀胱,65.39
東區,2006,非何杰金氏淋巴瘤,15.42
西區,2006,非何杰金氏淋巴瘤,6.97
阿里山鄉,2006,非何杰金氏淋巴瘤,0
布袋鎮,2006,非何杰金氏淋巴瘤,0
大埔鄉,2006,非何杰金氏淋巴瘤,0
大林鎮,2006,非何杰金氏淋巴瘤,48.29
東石鄉,2006,非何杰金氏淋巴瘤,0
番路鄉,2006,非何杰金氏淋巴瘤,68.64
六腳鄉,2006,非何杰金氏淋巴瘤,13.93
鹿草鄉,2006,非何杰金氏淋巴瘤,0
梅山鄉,2006,非何杰金氏淋巴瘤,30.74
民雄鄉,2006,非何杰金氏淋巴瘤,23.47
朴子市,2006,非何杰金氏淋巴瘤,71.36
水上鄉,2006,非何杰金氏淋巴瘤,26.69
太保市,2006,非何杰金氏淋巴瘤,67.26
溪口鄉,2006,非何杰金氏淋巴瘤,30.92
中埔鄉,2006,非何杰金氏淋巴瘤,0
新港鄉,2006,非何杰金氏淋巴瘤,0
義竹鄉,2006,非何杰金氏淋巴瘤,21.48
竹崎鄉,2006,非何杰金氏淋巴瘤,0
東區,2006,肺.支氣管及氣管,222.75
西區,2006,肺.支氣管及氣管,249.17
阿里山鄉,2006,肺.支氣管及氣管,117.26
布袋鎮,2006,肺.支氣管及氣管,453.94
大埔鄉,2006,肺.支氣管及氣管,252.31
大林鎮,2006,肺.支氣管及氣管,328.4
東石鄉,2006,肺.支氣管及氣管,301.92
番路鄉,2006,肺.支氣管及氣管,237.29
六腳鄉,2006,肺.支氣管及氣管,311.88
鹿草鄉,2006,肺.支氣管及氣管,270.47
梅山鄉,2006,肺.支氣管及氣管,240.16
民雄鄉,2006,肺.支氣管及氣管,349.59
朴子市,2006,肺.支氣管及氣管,324.82
水上鄉,2006,肺.支氣管及氣管,221.86
太保市,2006,肺.支氣管及氣管,188.96
溪口鄉,2006,肺.支氣管及氣管,187.02
中埔鄉,2006,肺.支氣管及氣管,151.16
新港鄉,2006,肺.支氣管及氣管,246.66
義竹鄉,2006,肺.支氣管及氣管,323.67
竹崎鄉,2006,肺.支氣管及氣管,147.67
東區,2006,肝及肝內膽管,364.33
西區,2006,肝及肝內膽管,411.83
阿里山鄉,2006,肝及肝內膽管,432.46
布袋鎮,2006,肝及肝內膽管,316.32
大埔鄉,2006,肝及肝內膽管,387.72
大林鎮,2006,肝及肝內膽管,327.31
東石鄉,2006,肝及肝內膽管,310.52
番路鄉,2006,肝及肝內膽管,174.23
六腳鄉,2006,肝及肝內膽管,354.49
鹿草鄉,2006,肝及肝內膽管,348.79
梅山鄉,2006,肝及肝內膽管,219.82
民雄鄉,2006,肝及肝內膽管,332.75
朴子市,2006,肝及肝內膽管,345.35
水上鄉,2006,肝及肝內膽管,210.9
太保市,2006,肝及肝內膽管,453.06
溪口鄉,2006,肝及肝內膽管,301.78
中埔鄉,2006,肝及肝內膽管,415.87
新港鄉,2006,肝及肝內膽管,281.4
義竹鄉,2006,肝及肝內膽管,404.91
竹崎鄉,2006,肝及肝內膽管,322.25
東區,2006,結腸,85.5
西區,2006,結腸,192.18
阿里山鄉,2006,結腸,117.26
布袋鎮,2006,結腸,159.16
大埔鄉,2006,結腸,0
大林鎮,2006,結腸,150.18
東石鄉,2006,結腸,48.68
番路鄉,2006,結腸,233.75
六腳鄉,2006,結腸,89.48
鹿草鄉,2006,結腸,172.79
梅山鄉,2006,結腸,54.02
民雄鄉,2006,結腸,169.21
朴子市,2006,結腸,94.48
水上鄉,2006,結腸,230.35
太保市,2006,結腸,110.56
溪口鄉,2006,結腸,156.57
中埔鄉,2006,結腸,149.56
新港鄉,2006,結腸,197.6
義竹鄉,2006,結腸,200.85
竹崎鄉,2006,結腸,122.67
東區,2006,口腔.口咽及下咽,14.75
西區,2006,口腔.口咽及下咽,52.04
阿里山鄉,2006,口腔.口咽及下咽,0
布袋鎮,2006,口腔.口咽及下咽,60.34
大埔鄉,2006,口腔.口咽及下咽,0
大林鎮,2006,口腔.口咽及下咽,17.29
東石鄉,2006,口腔.口咽及下咽,99.39
番路鄉,2006,口腔.口咽及下咽,0
六腳鄉,2006,口腔.口咽及下咽,58.31
鹿草鄉,2006,口腔.口咽及下咽,32.84
梅山鄉,2006,口腔.口咽及下咽,78.3
民雄鄉,2006,口腔.口咽及下咽,23.83
朴子市,2006,口腔.口咽及下咽,88.06
水上鄉,2006,口腔.口咽及下咽,94.21
太保市,2006,口腔.口咽及下咽,57.05
溪口鄉,2006,口腔.口咽及下咽,0
中埔鄉,2006,口腔.口咽及下咽,122.31
新港鄉,2006,口腔.口咽及下咽,20.65
義竹鄉,2006,口腔.口咽及下咽,45.54
竹崎鄉,2006,口腔.口咽及下咽,144.25
東區,2006,卵巢.輸卵管及寬韌帶,27.43
西區,2006,卵巢.輸卵管及寬韌帶,11.98
阿里山鄉,2006,卵巢.輸卵管及寬韌帶,0
布袋鎮,2006,卵巢.輸卵管及寬韌帶,33.75
大埔鄉,2006,卵巢.輸卵管及寬韌帶,0
大林鎮,2006,卵巢.輸卵管及寬韌帶,67.8
東石鄉,2006,卵巢.輸卵管及寬韌帶,0
番路鄉,2006,卵巢.輸卵管及寬韌帶,91.92
六腳鄉,2006,卵巢.輸卵管及寬韌帶,0
鹿草鄉,2006,卵巢.輸卵管及寬韌帶,51.89
梅山鄉,2006,卵巢.輸卵管及寬韌帶,0
民雄鄉,2006,卵巢.輸卵管及寬韌帶,22.53
朴子市,2006,卵巢.輸卵管及寬韌帶,0
水上鄉,2006,卵巢.輸卵管及寬韌帶,0
太保市,2006,卵巢.輸卵管及寬韌帶,57.89
溪口鄉,2006,卵巢.輸卵管及寬韌帶,71.88
中埔鄉,2006,卵巢.輸卵管及寬韌帶,0
新港鄉,2006,卵巢.輸卵管及寬韌帶,0
義竹鄉,2006,卵巢.輸卵管及寬韌帶,0
竹崎鄉,2006,卵巢.輸卵管及寬韌帶,0
東區,2006,女性乳房,207.26
西區,2006,女性乳房,122.08
阿里山鄉,2006,女性乳房,0
布袋鎮,2006,女性乳房,65.23
大埔鄉,2006,女性乳房,0
大林鎮,2006,女性乳房,103.87
東石鄉,2006,女性乳房,106.72
番路鄉,2006,女性乳房,0
六腳鄉,2006,女性乳房,43.83
鹿草鄉,2006,女性乳房,0
梅山鄉,2006,女性乳房,105.99
民雄鄉,2006,女性乳房,72.13
朴子市,2006,女性乳房,0
水上鄉,2006,女性乳房,86.99
太保市,2006,女性乳房,102.78
溪口鄉,2006,女性乳房,166.01
中埔鄉,2006,女性乳房,106.57
新港鄉,2006,女性乳房,30.84
義竹鄉,2006,女性乳房,0
竹崎鄉,2006,女性乳房,151.33
東區,2006,攝護腺,246.84
西區,2006,攝護腺,207.14
阿里山鄉,2006,攝護腺,704.35
布袋鎮,2006,攝護腺,192.79
大埔鄉,2006,攝護腺,0
大林鎮,2006,攝護腺,255.82
東石鄉,2006,攝護腺,44.35
番路鄉,2006,攝護腺,0
六腳鄉,2006,攝護腺,286.29
鹿草鄉,2006,攝護腺,125.11
梅山鄉,2006,攝護腺,191.29
民雄鄉,2006,攝護腺,255.6
朴子市,2006,攝護腺,256.04
水上鄉,2006,攝護腺,264.73
太保市,2006,攝護腺,207.81
溪口鄉,2006,攝護腺,359.11
中埔鄉,2006,攝護腺,177.45
新港鄉,2006,攝護腺,103.59
義竹鄉,2006,攝護腺,129.43
竹崎鄉,2006,攝護腺,158.39
東區,2006,食道,20.74
西區,2006,食道,15.24
阿里山鄉,2006,食道,0
布袋鎮,2006,食道,40.97
大埔鄉,2006,食道,0
大林鎮,2006,食道,74.63
東石鄉,2006,食道,22.16
番路鄉,2006,食道,0
六腳鄉,2006,食道,17.98
鹿草鄉,2006,食道,0
梅山鄉,2006,食道,24.28
民雄鄉,2006,食道,0
朴子市,2006,食道,0
水上鄉,2006,食道,0
太保市,2006,食道,0
溪口鄉,2006,食道,28.91
中埔鄉,2006,食道,19.46
新港鄉,2006,食道,79.99
義竹鄉,2006,食道,0
竹崎鄉,2006,食道,66.19
東區,2006,胃,122.64
西區,2006,胃,78.49
阿里山鄉,2006,胃,117.26
布袋鎮,2006,胃,136.27
大埔鄉,2006,胃,0
大林鎮,2006,胃,48.76
東石鄉,2006,胃,81.27
番路鄉,2006,胃,0
六腳鄉,2006,胃,111.48
鹿草鄉,2006,胃,85.35
梅山鄉,2006,胃,0
民雄鄉,2006,胃,70.1
朴子市,2006,胃,72.85
水上鄉,2006,胃,62.9
太保市,2006,胃,53.51
溪口鄉,2006,胃,36.7
中埔鄉,2006,胃,156.41
新港鄉,2006,胃,49.6
義竹鄉,2006,胃,119.16
竹崎鄉,2006,胃,47.76
東區,2006,胰,7.25
西區,2006,胰,20.69
阿里山鄉,2006,胰,0
布袋鎮,2006,胰,44.15
大埔鄉,2006,胰,0
大林鎮,2006,胰,0
東石鄉,2006,胰,22.16
番路鄉,2006,胰,0
六腳鄉,2006,胰,31.24
鹿草鄉,2006,胰,0
梅山鄉,2006,胰,0
民雄鄉,2006,胰,21.94
朴子市,2006,胰,42.22
水上鄉,2006,胰,48.75
太保市,2006,胰,0
溪口鄉,2006,胰,29.13
中埔鄉,2006,胰,0
新港鄉,2006,胰,20.65
義竹鄉,2006,胰,0
竹崎鄉,2006,胰,16.6
東區,2006,直腸與肛門,164.75
西區,2006,直腸與肛門,134.22
阿里山鄉,2006,直腸與肛門,146.61
布袋鎮,2006,直腸與肛門,115.46
大埔鄉,2006,直腸與肛門,0
大林鎮,2006,直腸與肛門,52.81
東石鄉,2006,直腸與肛門,136.39
番路鄉,2006,直腸與肛門,154.49
六腳鄉,2006,直腸與肛門,90.1
鹿草鄉,2006,直腸與肛門,128.47
梅山鄉,2006,直腸與肛門,126.51
民雄鄉,2006,直腸與肛門,123.52
朴子市,2006,直腸與肛門,106.91
水上鄉,2006,直腸與肛門,69.22
太保市,2006,直腸與肛門,161.77
溪口鄉,2006,直腸與肛門,133.22
中埔鄉,2006,直腸與肛門,76.39
新港鄉,2006,直腸與肛門,163.73
義竹鄉,2006,直腸與肛門,100.05
竹崎鄉,2006,直腸與肛門,92.61
東區,2006,子宮頸,13.72
西區,2006,子宮頸,54.78
阿里山鄉,2006,子宮頸,0
布袋鎮,2006,子宮頸,135.12
大埔鄉,2006,子宮頸,731.71
大林鎮,2006,子宮頸,33.71
東石鄉,2006,子宮頸,58.44
番路鄉,2006,子宮頸,0
六腳鄉,2006,子宮頸,24.16
鹿草鄉,2006,子宮頸,65.68
梅山鄉,2006,子宮頸,0
民雄鄉,2006,子宮頸,67.87
朴子市,2006,子宮頸,51.98
水上鄉,2006,子宮頸,26.63
太保市,2006,子宮頸,0
溪口鄉,2006,子宮頸,0
中埔鄉,2006,子宮頸,30.04
新港鄉,2006,子宮頸,41.34
義竹鄉,2006,子宮頸,67.33
竹崎鄉,2006,子宮頸,31.34
東區,2007,白血病,44.16
西區,2007,白血病,0
阿里山鄉,2007,白血病,0
布袋鎮,2007,白血病,60.71
大埔鄉,2007,白血病,0
大林鎮,2007,白血病,44.43
東石鄉,2007,白血病,0
番路鄉,2007,白血病,0
六腳鄉,2007,白血病,51.3
鹿草鄉,2007,白血病,0
梅山鄉,2007,白血病,0
民雄鄉,2007,白血病,31.98
朴子市,2007,白血病,12.84
水上鄉,2007,白血病,28.77
太保市,2007,白血病,0
溪口鄉,2007,白血病,0
中埔鄉,2007,白血病,34.21
新港鄉,2007,白血病,33.48
義竹鄉,2007,白血病,0
竹崎鄉,2007,白血病,54.32
東區,2007,膀胱,53.83
西區,2007,膀胱,60.81
阿里山鄉,2007,膀胱,0
布袋鎮,2007,膀胱,159.57
大埔鄉,2007,膀胱,0
大林鎮,2007,膀胱,47.08
東石鄉,2007,膀胱,34.66
番路鄉,2007,膀胱,0
六腳鄉,2007,膀胱,0
鹿草鄉,2007,膀胱,45.12
梅山鄉,2007,膀胱,62.43
民雄鄉,2007,膀胱,46.44
朴子市,2007,膀胱,0
水上鄉,2007,膀胱,64.74
太保市,2007,膀胱,28.63
溪口鄉,2007,膀胱,84.41
中埔鄉,2007,膀胱,81.97
新港鄉,2007,膀胱,30.29
義竹鄉,2007,膀胱,120.57
竹崎鄉,2007,膀胱,63.91
東區,2007,非何杰金氏淋巴瘤,12.19
西區,2007,非何杰金氏淋巴瘤,12.09
阿里山鄉,2007,非何杰金氏淋巴瘤,0
布袋鎮,2007,非何杰金氏淋巴瘤,35.19
大埔鄉,2007,非何杰金氏淋巴瘤,0
大林鎮,2007,非何杰金氏淋巴瘤,14.63
東石鄉,2007,非何杰金氏淋巴瘤,0
番路鄉,2007,非何杰金氏淋巴瘤,46.9
六腳鄉,2007,非何杰金氏淋巴瘤,55.98
鹿草鄉,2007,非何杰金氏淋巴瘤,33.32
梅山鄉,2007,非何杰金氏淋巴瘤,25.72
民雄鄉,2007,非何杰金氏淋巴瘤,56.58
朴子市,2007,非何杰金氏淋巴瘤,45.24
水上鄉,2007,非何杰金氏淋巴瘤,14.39
太保市,2007,非何杰金氏淋巴瘤,21.05
溪口鄉,2007,非何杰金氏淋巴瘤,0
中埔鄉,2007,非何杰金氏淋巴瘤,34.21
新港鄉,2007,非何杰金氏淋巴瘤,18.34
義竹鄉,2007,非何杰金氏淋巴瘤,18.67
竹崎鄉,2007,非何杰金氏淋巴瘤,76.43
東區,2007,肺.支氣管及氣管,182.17
西區,2007,肺.支氣管及氣管,151.57
阿里山鄉,2007,肺.支氣管及氣管,309.18
布袋鎮,2007,肺.支氣管及氣管,527.09
大埔鄉,2007,肺.支氣管及氣管,221.73
大林鎮,2007,肺.支氣管及氣管,194.78
東石鄉,2007,肺.支氣管及氣管,193.27
番路鄉,2007,肺.支氣管及氣管,69.95
六腳鄉,2007,肺.支氣管及氣管,204.31
鹿草鄉,2007,肺.支氣管及氣管,288.83
梅山鄉,2007,肺.支氣管及氣管,293.13
民雄鄉,2007,肺.支氣管及氣管,317.76
朴子市,2007,肺.支氣管及氣管,187.14
水上鄉,2007,肺.支氣管及氣管,306.26
太保市,2007,肺.支氣管及氣管,154.97
溪口鄉,2007,肺.支氣管及氣管,347.69
中埔鄉,2007,肺.支氣管及氣管,370.75
新港鄉,2007,肺.支氣管及氣管,273.87
義竹鄉,2007,肺.支氣管及氣管,276.12
竹崎鄉,2007,肺.支氣管及氣管,116.06
東區,2007,肝及肝內膽管,266.35
西區,2007,肝及肝內膽管,350.76
阿里山鄉,2007,肝及肝內膽管,309.18
布袋鎮,2007,肝及肝內膽管,262.66
大埔鄉,2007,肝及肝內膽管,0
大林鎮,2007,肝及肝內膽管,175.95
東石鄉,2007,肝及肝內膽管,249.78
番路鄉,2007,肝及肝內膽管,157.89
六腳鄉,2007,肝及肝內膽管,341.47
鹿草鄉,2007,肝及肝內膽管,475.07
梅山鄉,2007,肝及肝內膽管,176.91
民雄鄉,2007,肝及肝內膽管,218.01
朴子市,2007,肝及肝內膽管,293.98
水上鄉,2007,肝及肝內膽管,255.07
太保市,2007,肝及肝內膽管,285.49
溪口鄉,2007,肝及肝內膽管,302.16
中埔鄉,2007,肝及肝內膽管,277.48
新港鄉,2007,肝及肝內膽管,235.08
義竹鄉,2007,肝及肝內膽管,233.27
竹崎鄉,2007,肝及肝內膽管,325.26
東區,2007,結腸,110.63
西區,2007,結腸,118.88
阿里山鄉,2007,結腸,0
布袋鎮,2007,結腸,322.31
大埔鄉,2007,結腸,171.49
大林鎮,2007,結腸,162.58
東石鄉,2007,結腸,69.55
番路鄉,2007,結腸,46.9
六腳鄉,2007,結腸,100.8
鹿草鄉,2007,結腸,97.17
梅山鄉,2007,結腸,121.61
民雄鄉,2007,結腸,86.05
朴子市,2007,結腸,62.26
水上鄉,2007,結腸,93.34
太保市,2007,結腸,49.68
溪口鄉,2007,結腸,58.04
中埔鄉,2007,結腸,51.1
新港鄉,2007,結腸,110.14
義竹鄉,2007,結腸,125.85
竹崎鄉,2007,結腸,85.29
東區,2007,口腔.口咽及下咽,29.6
西區,2007,口腔.口咽及下咽,46.17
阿里山鄉,2007,口腔.口咽及下咽,0
布袋鎮,2007,口腔.口咽及下咽,80.42
大埔鄉,2007,口腔.口咽及下咽,0
大林鎮,2007,口腔.口咽及下咽,20.79
東石鄉,2007,口腔.口咽及下咽,0
番路鄉,2007,口腔.口咽及下咽,0
六腳鄉,2007,口腔.口咽及下咽,13.75
鹿草鄉,2007,口腔.口咽及下咽,23.01
梅山鄉,2007,口腔.口咽及下咽,72.39
民雄鄉,2007,口腔.口咽及下咽,52.06
朴子市,2007,口腔.口咽及下咽,0
水上鄉,2007,口腔.口咽及下咽,91.07
太保市,2007,口腔.口咽及下咽,52.65
溪口鄉,2007,口腔.口咽及下咽,57.92
中埔鄉,2007,口腔.口咽及下咽,19.61
新港鄉,2007,口腔.口咽及下咽,15.82
義竹鄉,2007,口腔.口咽及下咽,136.57
竹崎鄉,2007,口腔.口咽及下咽,68.1
東區,2007,卵巢.輸卵管及寬韌帶,0
西區,2007,卵巢.輸卵管及寬韌帶,41.81
阿里山鄉,2007,卵巢.輸卵管及寬韌帶,0
布袋鎮,2007,卵巢.輸卵管及寬韌帶,0
大埔鄉,2007,卵巢.輸卵管及寬韌帶,0
大林鎮,2007,卵巢.輸卵管及寬韌帶,55.26
東石鄉,2007,卵巢.輸卵管及寬韌帶,32.09
番路鄉,2007,卵巢.輸卵管及寬韌帶,0
六腳鄉,2007,卵巢.輸卵管及寬韌帶,0
鹿草鄉,2007,卵巢.輸卵管及寬韌帶,74.5
梅山鄉,2007,卵巢.輸卵管及寬韌帶,0
民雄鄉,2007,卵巢.輸卵管及寬韌帶,0
朴子市,2007,卵巢.輸卵管及寬韌帶,0
水上鄉,2007,卵巢.輸卵管及寬韌帶,0
太保市,2007,卵巢.輸卵管及寬韌帶,0
溪口鄉,2007,卵巢.輸卵管及寬韌帶,0
中埔鄉,2007,卵巢.輸卵管及寬韌帶,0
新港鄉,2007,卵巢.輸卵管及寬韌帶,0
義竹鄉,2007,卵巢.輸卵管及寬韌帶,32.9
竹崎鄉,2007,卵巢.輸卵管及寬韌帶,0
東區,2007,女性乳房,83.21
西區,2007,女性乳房,89.04
阿里山鄉,2007,女性乳房,0
布袋鎮,2007,女性乳房,104.16
大埔鄉,2007,女性乳房,0
大林鎮,2007,女性乳房,32.96
東石鄉,2007,女性乳房,0
番路鄉,2007,女性乳房,77.84
六腳鄉,2007,女性乳房,0
鹿草鄉,2007,女性乳房,86.54
梅山鄉,2007,女性乳房,104.24
民雄鄉,2007,女性乳房,85.69
朴子市,2007,女性乳房,0
水上鄉,2007,女性乳房,66.28
太保市,2007,女性乳房,93.75
溪口鄉,2007,女性乳房,0
中埔鄉,2007,女性乳房,165.74
新港鄉,2007,女性乳房,27.72
義竹鄉,2007,女性乳房,55.6
竹崎鄉,2007,女性乳房,102.05
東區,2007,攝護腺,223.17
西區,2007,攝護腺,184.83
阿里山鄉,2007,攝護腺,0
布袋鎮,2007,攝護腺,94.98
大埔鄉,2007,攝護腺,0
大林鎮,2007,攝護腺,190.57
東石鄉,2007,攝護腺,193.25
番路鄉,2007,攝護腺,329.6
六腳鄉,2007,攝護腺,71.27
鹿草鄉,2007,攝護腺,109.93
梅山鄉,2007,攝護腺,0
民雄鄉,2007,攝護腺,175.29
朴子市,2007,攝護腺,216.88
水上鄉,2007,攝護腺,195.35
太保市,2007,攝護腺,0
溪口鄉,2007,攝護腺,260.06
中埔鄉,2007,攝護腺,227.05
新港鄉,2007,攝護腺,123.54
義竹鄉,2007,攝護腺,206.94
竹崎鄉,2007,攝護腺,117.18
東區,2007,食道,27.51
西區,2007,食道,15.72
阿里山鄉,2007,食道,0
布袋鎮,2007,食道,19.7
大埔鄉,2007,食道,0
大林鎮,2007,食道,55.38
東石鄉,2007,食道,17.33
番路鄉,2007,食道,0
六腳鄉,2007,食道,0
鹿草鄉,2007,食道,0
梅山鄉,2007,食道,31.22
民雄鄉,2007,食道,0
朴子市,2007,食道,0
水上鄉,2007,食道,26.32
太保市,2007,食道,0
溪口鄉,2007,食道,28.1
中埔鄉,2007,食道,35.35
新港鄉,2007,食道,32.4
義竹鄉,2007,食道,0
竹崎鄉,2007,食道,0
東區,2007,胃,46.55
西區,2007,胃,25.8
阿里山鄉,2007,胃,139.01
布袋鎮,2007,胃,42.38
大埔鄉,2007,胃,0
大林鎮,2007,胃,51.65
東石鄉,2007,胃,104.77
番路鄉,2007,胃,0
六腳鄉,2007,胃,25.27
鹿草鄉,2007,胃,23.91
梅山鄉,2007,胃,47.54
民雄鄉,2007,胃,72.14
朴子市,2007,胃,40.42
水上鄉,2007,胃,56.08
太保市,2007,胃,76.38
溪口鄉,2007,胃,28.21
中埔鄉,2007,胃,35.66
新港鄉,2007,胃,52.47
義竹鄉,2007,胃,76.44
竹崎鄉,2007,胃,33.67
東區,2007,胰,34.5
西區,2007,胰,26.03
阿里山鄉,2007,胰,0
布袋鎮,2007,胰,58.91
大埔鄉,2007,胰,0
大林鎮,2007,胰,30.86
東石鄉,2007,胰,49.69
番路鄉,2007,胰,46.9
六腳鄉,2007,胰,34.99
鹿草鄉,2007,胰,0
梅山鄉,2007,胰,25.72
民雄鄉,2007,胰,11.7
朴子市,2007,胰,46.14
水上鄉,2007,胰,41.52
太保市,2007,胰,49.68
溪口鄉,2007,胰,59.24
中埔鄉,2007,胰,14.6
新港鄉,2007,胰,16.58
義竹鄉,2007,胰,18.67
竹崎鄉,2007,胰,36.41
東區,2007,直腸與肛門,111.69
西區,2007,直腸與肛門,117.91
阿里山鄉,2007,直腸與肛門,139.01
布袋鎮,2007,直腸與肛門,134.46
大埔鄉,2007,直腸與肛門,0
大林鎮,2007,直腸與肛門,133.62
東石鄉,2007,直腸與肛門,140.99
番路鄉,2007,直腸與肛門,87.94
六腳鄉,2007,直腸與肛門,65.06
鹿草鄉,2007,直腸與肛門,33.32
梅山鄉,2007,直腸與肛門,244.74
民雄鄉,2007,直腸與肛門,95.38
朴子市,2007,直腸與肛門,72
水上鄉,2007,直腸與肛門,84.68
太保市,2007,直腸與肛門,70.3
溪口鄉,2007,直腸與肛門,147.51
中埔鄉,2007,直腸與肛門,100.21
新港鄉,2007,直腸與肛門,52.39
義竹鄉,2007,直腸與肛門,108.14
竹崎鄉,2007,直腸與肛門,49.77
東區,2007,子宮頸,53.81
西區,2007,子宮頸,12.2
阿里山鄉,2007,子宮頸,0
布袋鎮,2007,子宮頸,33.04
大埔鄉,2007,子宮頸,0
大林鎮,2007,子宮頸,0
東石鄉,2007,子宮頸,0
番路鄉,2007,子宮頸,0
六腳鄉,2007,子宮頸,53.73
鹿草鄉,2007,子宮頸,0
梅山鄉,2007,子宮頸,128.37
民雄鄉,2007,子宮頸,19.62
朴子市,2007,子宮頸,56.13
水上鄉,2007,子宮頸,87.08
太保市,2007,子宮頸,0
溪口鄉,2007,子宮頸,153.73
中埔鄉,2007,子宮頸,0
新港鄉,2007,子宮頸,0
義竹鄉,2007,子宮頸,55.6
竹崎鄉,2007,子宮頸,31.31
東區,2008,白血病,46.42
西區,2008,白血病,19.44
阿里山鄉,2008,白血病,0
布袋鎮,2008,白血病,24.39
大埔鄉,2008,白血病,0
大林鎮,2008,白血病,71.07
東石鄉,2008,白血病,13.97
番路鄉,2008,白血病,0
六腳鄉,2008,白血病,54.54
鹿草鄉,2008,白血病,22.31
梅山鄉,2008,白血病,21.8
民雄鄉,2008,白血病,29.76
朴子市,2008,白血病,27.17
水上鄉,2008,白血病,32.3
太保市,2008,白血病,0
溪口鄉,2008,白血病,0
中埔鄉,2008,白血病,0
新港鄉,2008,白血病,15.98
義竹鄉,2008,白血病,38.27
竹崎鄉,2008,白血病,18.11
東區,2008,膀胱,49.02
西區,2008,膀胱,64.03
阿里山鄉,2008,膀胱,0
布袋鎮,2008,膀胱,248.71
大埔鄉,2008,膀胱,0
大林鎮,2008,膀胱,21.56
東石鄉,2008,膀胱,30.31
番路鄉,2008,膀胱,0
六腳鄉,2008,膀胱,114.19
鹿草鄉,2008,膀胱,22.31
梅山鄉,2008,膀胱,0
民雄鄉,2008,膀胱,30.26
朴子市,2008,膀胱,27.17
水上鄉,2008,膀胱,26.14
太保市,2008,膀胱,45.57
溪口鄉,2008,膀胱,80.82
中埔鄉,2008,膀胱,108.39
新港鄉,2008,膀胱,31.44
義竹鄉,2008,膀胱,186.18
竹崎鄉,2008,膀胱,56.15
東區,2008,非何杰金氏淋巴瘤,19.71
西區,2008,非何杰金氏淋巴瘤,34.47
阿里山鄉,2008,非何杰金氏淋巴瘤,0
布袋鎮,2008,非何杰金氏淋巴瘤,0
大埔鄉,2008,非何杰金氏淋巴瘤,0
大林鎮,2008,非何杰金氏淋巴瘤,48.96
東石鄉,2008,非何杰金氏淋巴瘤,30.31
番路鄉,2008,非何杰金氏淋巴瘤,44.89
六腳鄉,2008,非何杰金氏淋巴瘤,12.86
鹿草鄉,2008,非何杰金氏淋巴瘤,0
梅山鄉,2008,非何杰金氏淋巴瘤,0
民雄鄉,2008,非何杰金氏淋巴瘤,0
朴子市,2008,非何杰金氏淋巴瘤,0
水上鄉,2008,非何杰金氏淋巴瘤,44.07
太保市,2008,非何杰金氏淋巴瘤,0
溪口鄉,2008,非何杰金氏淋巴瘤,0
中埔鄉,2008,非何杰金氏淋巴瘤,47.53
新港鄉,2008,非何杰金氏淋巴瘤,31.61
義竹鄉,2008,非何杰金氏淋巴瘤,18.63
竹崎鄉,2008,非何杰金氏淋巴瘤,16.49
東區,2008,肺.支氣管及氣管,224.94
西區,2008,肺.支氣管及氣管,182.83
阿里山鄉,2008,肺.支氣管及氣管,122.77
布袋鎮,2008,肺.支氣管及氣管,423.53
大埔鄉,2008,肺.支氣管及氣管,0
大林鎮,2008,肺.支氣管及氣管,351.61
東石鄉,2008,肺.支氣管及氣管,359.93
番路鄉,2008,肺.支氣管及氣管,349.14
六腳鄉,2008,肺.支氣管及氣管,221.26
鹿草鄉,2008,肺.支氣管及氣管,230.99
梅山鄉,2008,肺.支氣管及氣管,272.72
民雄鄉,2008,肺.支氣管及氣管,258.37
朴子市,2008,肺.支氣管及氣管,270.26
水上鄉,2008,肺.支氣管及氣管,268.08
太保市,2008,肺.支氣管及氣管,354.79
溪口鄉,2008,肺.支氣管及氣管,388.89
中埔鄉,2008,肺.支氣管及氣管,216.47
新港鄉,2008,肺.支氣管及氣管,247.41
義竹鄉,2008,肺.支氣管及氣管,197.93
竹崎鄉,2008,肺.支氣管及氣管,189.86
東區,2008,肝及肝內膽管,227.93
西區,2008,肝及肝內膽管,316
阿里山鄉,2008,肝及肝內膽管,286.91
布袋鎮,2008,肝及肝內膽管,233.02
大埔鄉,2008,肝及肝內膽管,225.84
大林鎮,2008,肝及肝內膽管,214.27
東石鄉,2008,肝及肝內膽管,395.96
番路鄉,2008,肝及肝內膽管,220.06
六腳鄉,2008,肝及肝內膽管,253.48
鹿草鄉,2008,肝及肝內膽管,195.2
梅山鄉,2008,肝及肝內膽管,130.31
民雄鄉,2008,肝及肝內膽管,185.12
朴子市,2008,肝及肝內膽管,169.39
水上鄉,2008,肝及肝內膽管,194.85
太保市,2008,肝及肝內膽管,376.49
溪口鄉,2008,肝及肝內膽管,344.99
中埔鄉,2008,肝及肝內膽管,352.73
新港鄉,2008,肝及肝內膽管,345.92
義竹鄉,2008,肝及肝內膽管,442.67
竹崎鄉,2008,肝及肝內膽管,331.92
東區,2008,結腸,108.99
西區,2008,結腸,238.83
阿里山鄉,2008,結腸,0
布袋鎮,2008,結腸,58.69
大埔鄉,2008,結腸,0
大林鎮,2008,結腸,205.87
東石鄉,2008,結腸,59.26
番路鄉,2008,結腸,103.3
六腳鄉,2008,結腸,58.64
鹿草鄉,2008,結腸,71.31
梅山鄉,2008,結腸,201.46
民雄鄉,2008,結腸,115.23
朴子市,2008,結腸,201.67
水上鄉,2008,結腸,151.93
太保市,2008,結腸,262.23
溪口鄉,2008,結腸,99.36
中埔鄉,2008,結腸,134.8
新港鄉,2008,結腸,105.99
義竹鄉,2008,結腸,190.81
竹崎鄉,2008,結腸,81.27
東區,2008,口腔.口咽及下咽,79.66
西區,2008,口腔.口咽及下咽,63.66
阿里山鄉,2008,口腔.口咽及下咽,0
布袋鎮,2008,口腔.口咽及下咽,57.14
大埔鄉,2008,口腔.口咽及下咽,0
大林鎮,2008,口腔.口咽及下咽,70.51
東石鄉,2008,口腔.口咽及下咽,104.97
番路鄉,2008,口腔.口咽及下咽,133.44
六腳鄉,2008,口腔.口咽及下咽,31.21
鹿草鄉,2008,口腔.口咽及下咽,34.88
梅山鄉,2008,口腔.口咽及下咽,202.96
民雄鄉,2008,口腔.口咽及下咽,84.08
朴子市,2008,口腔.口咽及下咽,96.03
水上鄉,2008,口腔.口咽及下咽,57.48
太保市,2008,口腔.口咽及下咽,142.9
溪口鄉,2008,口腔.口咽及下咽,72.81
中埔鄉,2008,口腔.口咽及下咽,83.91
新港鄉,2008,口腔.口咽及下咽,47.94
義竹鄉,2008,口腔.口咽及下咽,0
竹崎鄉,2008,口腔.口咽及下咽,51.73
東區,2008,卵巢.輸卵管及寬韌帶,12.15
西區,2008,卵巢.輸卵管及寬韌帶,14.8
阿里山鄉,2008,卵巢.輸卵管及寬韌帶,0
布袋鎮,2008,卵巢.輸卵管及寬韌帶,0
大埔鄉,2008,卵巢.輸卵管及寬韌帶,342.99
大林鎮,2008,卵巢.輸卵管及寬韌帶,0
東石鄉,2008,卵巢.輸卵管及寬韌帶,0
番路鄉,2008,卵巢.輸卵管及寬韌帶,0
六腳鄉,2008,卵巢.輸卵管及寬韌帶,44.67
鹿草鄉,2008,卵巢.輸卵管及寬韌帶,0
梅山鄉,2008,卵巢.輸卵管及寬韌帶,0
民雄鄉,2008,卵巢.輸卵管及寬韌帶,0
朴子市,2008,卵巢.輸卵管及寬韌帶,36.92
水上鄉,2008,卵巢.輸卵管及寬韌帶,0
太保市,2008,卵巢.輸卵管及寬韌帶,46.34
溪口鄉,2008,卵巢.輸卵管及寬韌帶,0
中埔鄉,2008,卵巢.輸卵管及寬韌帶,0
新港鄉,2008,卵巢.輸卵管及寬韌帶,0
義竹鄉,2008,卵巢.輸卵管及寬韌帶,38.83
竹崎鄉,2008,卵巢.輸卵管及寬韌帶,0
東區,2008,女性乳房,152.7
西區,2008,女性乳房,91.62
阿里山鄉,2008,女性乳房,0
布袋鎮,2008,女性乳房,75.89
大埔鄉,2008,女性乳房,0
大林鎮,2008,女性乳房,173.3
東石鄉,2008,女性乳房,79.97
番路鄉,2008,女性乳房,0
六腳鄉,2008,女性乳房,34.71
鹿草鄉,2008,女性乳房,0
梅山鄉,2008,女性乳房,66.28
民雄鄉,2008,女性乳房,21.9
朴子市,2008,女性乳房,93.4
水上鄉,2008,女性乳房,0
太保市,2008,女性乳房,0
溪口鄉,2008,女性乳房,0
中埔鄉,2008,女性乳房,104.48
新港鄉,2008,女性乳房,155.02
義竹鄉,2008,女性乳房,0
竹崎鄉,2008,女性乳房,0
東區,2008,攝護腺,235.4
西區,2008,攝護腺,203.05
阿里山鄉,2008,攝護腺,0
布袋鎮,2008,攝護腺,250.77
大埔鄉,2008,攝護腺,406.5
大林鎮,2008,攝護腺,212.76
東石鄉,2008,攝護腺,421.15
番路鄉,2008,攝護腺,123.07
六腳鄉,2008,攝護腺,121.36
鹿草鄉,2008,攝護腺,106.77
梅山鄉,2008,攝護腺,0
民雄鄉,2008,攝護腺,203.1
朴子市,2008,攝護腺,217
水上鄉,2008,攝護腺,246.25
太保市,2008,攝護腺,135.84
溪口鄉,2008,攝護腺,120.04
中埔鄉,2008,攝護腺,261.37
新港鄉,2008,攝護腺,249.19
義竹鄉,2008,攝護腺,92.67
竹崎鄉,2008,攝護腺,213.44
東區,2008,食道,6.36
西區,2008,食道,19.61
阿里山鄉,2008,食道,0
布袋鎮,2008,食道,0
大埔鄉,2008,食道,0
大林鎮,2008,食道,14.18
東石鄉,2008,食道,24.89
番路鄉,2008,食道,0
六腳鄉,2008,食道,0
鹿草鄉,2008,食道,0
梅山鄉,2008,食道,0
民雄鄉,2008,食道,43.06
朴子市,2008,食道,18.95
水上鄉,2008,食道,0
太保市,2008,食道,24.66
溪口鄉,2008,食道,26.55
中埔鄉,2008,食道,33.51
新港鄉,2008,食道,14.31
義竹鄉,2008,食道,0
竹崎鄉,2008,食道,15.06
東區,2008,胃,48.55
西區,2008,胃,57.51
阿里山鄉,2008,胃,91.46
布袋鎮,2008,胃,116.25
大埔鄉,2008,胃,0
大林鎮,2008,胃,31.47
東石鄉,2008,胃,87.21
番路鄉,2008,胃,0
六腳鄉,2008,胃,68.03
鹿草鄉,2008,胃,43.86
梅山鄉,2008,胃,31.48
民雄鄉,2008,胃,123.02
朴子市,2008,胃,65.56
水上鄉,2008,胃,71.7
太保市,2008,胃,24.66
溪口鄉,2008,胃,91.34
中埔鄉,2008,胃,81.8
新港鄉,2008,胃,37.54
義竹鄉,2008,胃,140.33
竹崎鄉,2008,胃,33.17
東區,2008,胰,79.53
西區,2008,胰,44.22
阿里山鄉,2008,胰,122.77
布袋鎮,2008,胰,75.43
大埔鄉,2008,胰,0
大林鎮,2008,胰,33.12
東石鄉,2008,胰,0
番路鄉,2008,胰,0
六腳鄉,2008,胰,31.21
鹿草鄉,2008,胰,0
梅山鄉,2008,胰,75.02
民雄鄉,2008,胰,21.59
朴子市,2008,胰,34.09
水上鄉,2008,胰,57.8
太保市,2008,胰,71.07
溪口鄉,2008,胰,0
中埔鄉,2008,胰,89.18
新港鄉,2008,胰,37.02
義竹鄉,2008,胰,0
竹崎鄉,2008,胰,50.29
東區,2008,直腸與肛門,100.98
西區,2008,直腸與肛門,127.41
阿里山鄉,2008,直腸與肛門,189.56
布袋鎮,2008,直腸與肛門,104.97
大埔鄉,2008,直腸與肛門,469.74
大林鎮,2008,直腸與肛門,217.27
東石鄉,2008,直腸與肛門,175.22
番路鄉,2008,直腸與肛門,0
六腳鄉,2008,直腸與肛門,186.03
鹿草鄉,2008,直腸與肛門,53.93
梅山鄉,2008,直腸與肛門,153.91
民雄鄉,2008,直腸與肛門,179.88
朴子市,2008,直腸與肛門,114.17
水上鄉,2008,直腸與肛門,157.55
太保市,2008,直腸與肛門,154.39
溪口鄉,2008,直腸與肛門,87.14
中埔鄉,2008,直腸與肛門,143.6
新港鄉,2008,直腸與肛門,130.08
義竹鄉,2008,直腸與肛門,142.22
竹崎鄉,2008,直腸與肛門,90.55
東區,2008,子宮頸,12.4
西區,2008,子宮頸,44.4
阿里山鄉,2008,子宮頸,0
布袋鎮,2008,子宮頸,30.19
大埔鄉,2008,子宮頸,0
大林鎮,2008,子宮頸,33.25
東石鄉,2008,子宮頸,48.33
番路鄉,2008,子宮頸,0
六腳鄉,2008,子宮頸,84.55
鹿草鄉,2008,子宮頸,0
梅山鄉,2008,子宮頸,0
民雄鄉,2008,子宮頸,19.43
朴子市,2008,子宮頸,28.24
水上鄉,2008,子宮頸,0
太保市,2008,子宮頸,41.11
溪口鄉,2008,子宮頸,204.8
中埔鄉,2008,子宮頸,31.23
新港鄉,2008,子宮頸,27.61
義竹鄉,2008,子宮頸,0
竹崎鄉,2008,子宮頸,0
東區,2009,白血病,38.48
西區,2009,白血病,13.68
阿里山鄉,2009,白血病,0
布袋鎮,2009,白血病,31.68
大埔鄉,2009,白血病,0
大林鎮,2009,白血病,66.58
東石鄉,2009,白血病,13.32
番路鄉,2009,白血病,0
六腳鄉,2009,白血病,23.16
鹿草鄉,2009,白血病,0
梅山鄉,2009,白血病,22.11
民雄鄉,2009,白血病,22.33
朴子市,2009,白血病,58.3
水上鄉,2009,白血病,28.29
太保市,2009,白血病,19.99
溪口鄉,2009,白血病,28.91
中埔鄉,2009,白血病,49.78
新港鄉,2009,白血病,13.27
義竹鄉,2009,白血病,18.02
竹崎鄉,2009,白血病,0
東區,2009,膀胱,79.28
西區,2009,膀胱,57.49
阿里山鄉,2009,膀胱,0
布袋鎮,2009,膀胱,92.52
大埔鄉,2009,膀胱,0
大林鎮,2009,膀胱,46.97
東石鄉,2009,膀胱,0
番路鄉,2009,膀胱,57.21
六腳鄉,2009,膀胱,134.83
鹿草鄉,2009,膀胱,21.03
梅山鄉,2009,膀胱,20.25
民雄鄉,2009,膀胱,65.56
朴子市,2009,膀胱,22.65
水上鄉,2009,膀胱,49.58
太保市,2009,膀胱,0
溪口鄉,2009,膀胱,0
中埔鄉,2009,膀胱,19.64
新港鄉,2009,膀胱,46.17
義竹鄉,2009,膀胱,99.27
竹崎鄉,2009,膀胱,26.96
東區,2009,非何杰金氏淋巴瘤,39.95
西區,2009,非何杰金氏淋巴瘤,6.78
阿里山鄉,2009,非何杰金氏淋巴瘤,0
布袋鎮,2009,非何杰金氏淋巴瘤,17.07
大埔鄉,2009,非何杰金氏淋巴瘤,0
大林鎮,2009,非何杰金氏淋巴瘤,31.11
東石鄉,2009,非何杰金氏淋巴瘤,31.31
番路鄉,2009,非何杰金氏淋巴瘤,0
六腳鄉,2009,非何杰金氏淋巴瘤,0
鹿草鄉,2009,非何杰金氏淋巴瘤,27.92
梅山鄉,2009,非何杰金氏淋巴瘤,58.64
民雄鄉,2009,非何杰金氏淋巴瘤,11.57
朴子市,2009,非何杰金氏淋巴瘤,38.76
水上鄉,2009,非何杰金氏淋巴瘤,67.22
太保市,2009,非何杰金氏淋巴瘤,19.99
溪口鄉,2009,非何杰金氏淋巴瘤,0
中埔鄉,2009,非何杰金氏淋巴瘤,33.02
新港鄉,2009,非何杰金氏淋巴瘤,84.37
義竹鄉,2009,非何杰金氏淋巴瘤,0
竹崎鄉,2009,非何杰金氏淋巴瘤,30.05
東區,2009,肺.支氣管及氣管,220.02
西區,2009,肺.支氣管及氣管,149.76
阿里山鄉,2009,肺.支氣管及氣管,0
布袋鎮,2009,肺.支氣管及氣管,369.67
大埔鄉,2009,肺.支氣管及氣管,0
大林鎮,2009,肺.支氣管及氣管,305.5
東石鄉,2009,肺.支氣管及氣管,405.91
番路鄉,2009,肺.支氣管及氣管,254.52
六腳鄉,2009,肺.支氣管及氣管,281.04
鹿草鄉,2009,肺.支氣管及氣管,282.22
梅山鄉,2009,肺.支氣管及氣管,294.39
民雄鄉,2009,肺.支氣管及氣管,211.15
朴子市,2009,肺.支氣管及氣管,393.72
水上鄉,2009,肺.支氣管及氣管,337.69
太保市,2009,肺.支氣管及氣管,417.26
溪口鄉,2009,肺.支氣管及氣管,276.23
中埔鄉,2009,肺.支氣管及氣管,411.36
新港鄉,2009,肺.支氣管及氣管,460.32
義竹鄉,2009,肺.支氣管及氣管,292
竹崎鄉,2009,肺.支氣管及氣管,151.81
東區,2009,肝及肝內膽管,403.8
西區,2009,肝及肝內膽管,465.47
阿里山鄉,2009,肝及肝內膽管,318.69
布袋鎮,2009,肝及肝內膽管,155.33
大埔鄉,2009,肝及肝內膽管,225.84
大林鎮,2009,肝及肝內膽管,207.69
東石鄉,2009,肝及肝內膽管,301.08
番路鄉,2009,肝及肝內膽管,114.14
六腳鄉,2009,肝及肝內膽管,149.11
鹿草鄉,2009,肝及肝內膽管,331.3
梅山鄉,2009,肝及肝內膽管,153.29
民雄鄉,2009,肝及肝內膽管,341.97
朴子市,2009,肝及肝內膽管,312.46
水上鄉,2009,肝及肝內膽管,307.03
太保市,2009,肝及肝內膽管,320.26
溪口鄉,2009,肝及肝內膽管,429.25
中埔鄉,2009,肝及肝內膽管,276.83
新港鄉,2009,肝及肝內膽管,269.05
義竹鄉,2009,肝及肝內膽管,425.21
竹崎鄉,2009,肝及肝內膽管,436.42
東區,2009,結腸,125.05
西區,2009,結腸,139.46
阿里山鄉,2009,結腸,0
布袋鎮,2009,結腸,185.26
大埔鄉,2009,結腸,174.22
大林鎮,2009,結腸,103.58
東石鄉,2009,結腸,67.94
番路鄉,2009,結腸,0
六腳鄉,2009,結腸,161.76
鹿草鄉,2009,結腸,96.69
梅山鄉,2009,結腸,109.36
民雄鄉,2009,結腸,86.64
朴子市,2009,結腸,167.34
水上鄉,2009,結腸,116.22
太保市,2009,結腸,19.67
溪口鄉,2009,結腸,109.24
中埔鄉,2009,結腸,117.7
新港鄉,2009,結腸,167.26
義竹鄉,2009,結腸,83.34
竹崎鄉,2009,結腸,126.2
東區,2009,口腔.口咽及下咽,105.98
西區,2009,口腔.口咽及下咽,80.86
阿里山鄉,2009,口腔.口咽及下咽,141.95
布袋鎮,2009,口腔.口咽及下咽,139.1
大埔鄉,2009,口腔.口咽及下咽,174.22
大林鎮,2009,口腔.口咽及下咽,68.88
東石鄉,2009,口腔.口咽及下咽,52.45
番路鄉,2009,口腔.口咽及下咽,43.55
六腳鄉,2009,口腔.口咽及下咽,65.05
鹿草鄉,2009,口腔.口咽及下咽,0
梅山鄉,2009,口腔.口咽及下咽,33.26
民雄鄉,2009,口腔.口咽及下咽,82.41
朴子市,2009,口腔.口咽及下咽,70.27
水上鄉,2009,口腔.口咽及下咽,46.81
太保市,2009,口腔.口咽及下咽,157.52
溪口鄉,2009,口腔.口咽及下咽,148.45
中埔鄉,2009,口腔.口咽及下咽,79.92
新港鄉,2009,口腔.口咽及下咽,16.45
義竹鄉,2009,口腔.口咽及下咽,32.26
竹崎鄉,2009,口腔.口咽及下咽,113.02
東區,2009,卵巢.輸卵管及寬韌帶,27.15
西區,2009,卵巢.輸卵管及寬韌帶,0
阿里山鄉,2009,卵巢.輸卵管及寬韌帶,0
布袋鎮,2009,卵巢.輸卵管及寬韌帶,0
大埔鄉,2009,卵巢.輸卵管及寬韌帶,0
大林鎮,2009,卵巢.輸卵管及寬韌帶,0
東石鄉,2009,卵巢.輸卵管及寬韌帶,0
番路鄉,2009,卵巢.輸卵管及寬韌帶,0
六腳鄉,2009,卵巢.輸卵管及寬韌帶,0
鹿草鄉,2009,卵巢.輸卵管及寬韌帶,0
梅山鄉,2009,卵巢.輸卵管及寬韌帶,36.66
民雄鄉,2009,卵巢.輸卵管及寬韌帶,28.47
朴子市,2009,卵巢.輸卵管及寬韌帶,29
水上鄉,2009,卵巢.輸卵管及寬韌帶,0
太保市,2009,卵巢.輸卵管及寬韌帶,34.91
溪口鄉,2009,卵巢.輸卵管及寬韌帶,0
中埔鄉,2009,卵巢.輸卵管及寬韌帶,24.34
新港鄉,2009,卵巢.輸卵管及寬韌帶,45
義竹鄉,2009,卵巢.輸卵管及寬韌帶,60.37
竹崎鄉,2009,卵巢.輸卵管及寬韌帶,43.14
東區,2009,女性乳房,91.62
西區,2009,女性乳房,109.76
阿里山鄉,2009,女性乳房,0
布袋鎮,2009,女性乳房,0
大埔鄉,2009,女性乳房,0
大林鎮,2009,女性乳房,73.95
東石鄉,2009,女性乳房,0
番路鄉,2009,女性乳房,0
六腳鄉,2009,女性乳房,0
鹿草鄉,2009,女性乳房,109.96
梅山鄉,2009,女性乳房,0
民雄鄉,2009,女性乳房,218.31
朴子市,2009,女性乳房,95.38
水上鄉,2009,女性乳房,80.05
太保市,2009,女性乳房,0
溪口鄉,2009,女性乳房,147.52
中埔鄉,2009,女性乳房,0
新港鄉,2009,女性乳房,23.25
義竹鄉,2009,女性乳房,0
竹崎鄉,2009,女性乳房,129.74
東區,2009,攝護腺,210.97
西區,2009,攝護腺,220.31
阿里山鄉,2009,攝護腺,211.07
布袋鎮,2009,攝護腺,188.28
大埔鄉,2009,攝護腺,0
大林鎮,2009,攝護腺,288.03
東石鄉,2009,攝護腺,342.04
番路鄉,2009,攝護腺,290.74
六腳鄉,2009,攝護腺,296.84
鹿草鄉,2009,攝護腺,170.07
梅山鄉,2009,攝護腺,209.71
民雄鄉,2009,攝護腺,247.55
朴子市,2009,攝護腺,358
水上鄉,2009,攝護腺,233.12
太保市,2009,攝護腺,202.88
溪口鄉,2009,攝護腺,134.95
中埔鄉,2009,攝護腺,276.32
新港鄉,2009,攝護腺,241.78
義竹鄉,2009,攝護腺,383.12
竹崎鄉,2009,攝護腺,127.47
東區,2009,食道,18.84
西區,2009,食道,55.14
阿里山鄉,2009,食道,0
布袋鎮,2009,食道,33.33
大埔鄉,2009,食道,0
大林鎮,2009,食道,45.06
東石鄉,2009,食道,83.76
番路鄉,2009,食道,0
六腳鄉,2009,食道,54.17
鹿草鄉,2009,食道,27.92
梅山鄉,2009,食道,20.74
民雄鄉,2009,食道,33.77
朴子市,2009,食道,0
水上鄉,2009,食道,41.45
太保市,2009,食道,29.58
溪口鄉,2009,食道,0
中埔鄉,2009,食道,35.9
新港鄉,2009,食道,74.64
義竹鄉,2009,食道,37.61
竹崎鄉,2009,食道,30.31
東區,2009,胃,70.14
西區,2009,胃,41.91
阿里山鄉,2009,胃,0
布袋鎮,2009,胃,56.31
大埔鄉,2009,胃,0
大林鎮,2009,胃,127.93
東石鄉,2009,胃,26.23
番路鄉,2009,胃,0
六腳鄉,2009,胃,65.56
鹿草鄉,2009,胃,0
梅山鄉,2009,胃,25.38
民雄鄉,2009,胃,75.81
朴子市,2009,胃,66.12
水上鄉,2009,胃,71
太保市,2009,胃,93.51
溪口鄉,2009,胃,53.2
中埔鄉,2009,胃,32.09
新港鄉,2009,胃,52.45
義竹鄉,2009,胃,55.28
竹崎鄉,2009,胃,22.01
東區,2009,胰,56.93
西區,2009,胰,45.2
阿里山鄉,2009,胰,0
布袋鎮,2009,胰,33.33
大埔鄉,2009,胰,197.76
大林鎮,2009,胰,14
東石鄉,2009,胰,0
番路鄉,2009,胰,0
六腳鄉,2009,胰,32.44
鹿草鄉,2009,胰,19.99
梅山鄉,2009,胰,55.37
民雄鄉,2009,胰,35.89
朴子市,2009,胰,15.11
水上鄉,2009,胰,32.67
太保市,2009,胰,124.42
溪口鄉,2009,胰,64.37
中埔鄉,2009,胰,41.14
新港鄉,2009,胰,38.91
義竹鄉,2009,胰,0
竹崎鄉,2009,胰,48.72
東區,2009,直腸與肛門,137.57
西區,2009,直腸與肛門,110.28
阿里山鄉,2009,直腸與肛門,89.23
布袋鎮,2009,直腸與肛門,59.62
大埔鄉,2009,直腸與肛門,193.02
大林鎮,2009,直腸與肛門,148.16
東石鄉,2009,直腸與肛門,92.32
番路鄉,2009,直腸與肛門,289.3
六腳鄉,2009,直腸與肛門,114.69
鹿草鄉,2009,直腸與肛門,0
梅山鄉,2009,直腸與肛門,115.73
民雄鄉,2009,直腸與肛門,90.52
朴子市,2009,直腸與肛門,153.39
水上鄉,2009,直腸與肛門,176.27
太保市,2009,直腸與肛門,19.67
溪口鄉,2009,直腸與肛門,27.03
中埔鄉,2009,直腸與肛門,122.95
新港鄉,2009,直腸與肛門,58.23
義竹鄉,2009,直腸與肛門,18.02
竹崎鄉,2009,直腸與肛門,99.15
東區,2009,子宮頸,52.41
西區,2009,子宮頸,20.85
阿里山鄉,2009,子宮頸,0
布袋鎮,2009,子宮頸,0
大埔鄉,2009,子宮頸,0
大林鎮,2009,子宮頸,0
東石鄉,2009,子宮頸,0
番路鄉,2009,子宮頸,0
六腳鄉,2009,子宮頸,0
鹿草鄉,2009,子宮頸,0
梅山鄉,2009,子宮頸,0
民雄鄉,2009,子宮頸,0
朴子市,2009,子宮頸,0
水上鄉,2009,子宮頸,0
太保市,2009,子宮頸,0
溪口鄉,2009,子宮頸,0
中埔鄉,2009,子宮頸,25.23
新港鄉,2009,子宮頸,23.25
義竹鄉,2009,子宮頸,27.61
竹崎鄉,2009,子宮頸,43.14
東區,2010,白血病,34.03
西區,2010,白血病,22.74
阿里山鄉,2010,白血病,0
布袋鎮,2010,白血病,0
大埔鄉,2010,白血病,0
大林鎮,2010,白血病,13.88
東石鄉,2010,白血病,0
番路鄉,2010,白血病,78.85
六腳鄉,2010,白血病,54.14
鹿草鄉,2010,白血病,26.96
梅山鄉,2010,白血病,18.92
民雄鄉,2010,白血病,9.62
朴子市,2010,白血病,0
水上鄉,2010,白血病,35.99
太保市,2010,白血病,0
溪口鄉,2010,白血病,93.2
中埔鄉,2010,白血病,116.1
新港鄉,2010,白血病,50.06
義竹鄉,2010,白血病,0
竹崎鄉,2010,白血病,73.84
東區,2010,膀胱,54.92
西區,2010,膀胱,38.42
阿里山鄉,2010,膀胱,0
布袋鎮,2010,膀胱,118.55
大埔鄉,2010,膀胱,0
大林鎮,2010,膀胱,45.62
東石鄉,2010,膀胱,52.06
番路鄉,2010,膀胱,35.52
六腳鄉,2010,膀胱,36.54
鹿草鄉,2010,膀胱,21.3
梅山鄉,2010,膀胱,84.03
民雄鄉,2010,膀胱,39.68
朴子市,2010,膀胱,88.39
水上鄉,2010,膀胱,52.48
太保市,2010,膀胱,50.88
溪口鄉,2010,膀胱,50.57
中埔鄉,2010,膀胱,28.86
新港鄉,2010,膀胱,27.64
義竹鄉,2010,膀胱,48.61
竹崎鄉,2010,膀胱,53.1
東區,2010,非何杰金氏淋巴瘤,79.81
西區,2010,非何杰金氏淋巴瘤,37.97
阿里山鄉,2010,非何杰金氏淋巴瘤,0
布袋鎮,2010,非何杰金氏淋巴瘤,0
大埔鄉,2010,非何杰金氏淋巴瘤,0
大林鎮,2010,非何杰金氏淋巴瘤,0
東石鄉,2010,非何杰金氏淋巴瘤,42.36
番路鄉,2010,非何杰金氏淋巴瘤,0
六腳鄉,2010,非何杰金氏淋巴瘤,0
鹿草鄉,2010,非何杰金氏淋巴瘤,0
梅山鄉,2010,非何杰金氏淋巴瘤,18.92
民雄鄉,2010,非何杰金氏淋巴瘤,30.74
朴子市,2010,非何杰金氏淋巴瘤,0
水上鄉,2010,非何杰金氏淋巴瘤,9.95
太保市,2010,非何杰金氏淋巴瘤,75.58
溪口鄉,2010,非何杰金氏淋巴瘤,63.91
中埔鄉,2010,非何杰金氏淋巴瘤,53
新港鄉,2010,非何杰金氏淋巴瘤,53.6
義竹鄉,2010,非何杰金氏淋巴瘤,17.78
竹崎鄉,2010,非何杰金氏淋巴瘤,13.75
東區,2010,肺.支氣管及氣管,236.3
西區,2010,肺.支氣管及氣管,238.96
阿里山鄉,2010,肺.支氣管及氣管,0
布袋鎮,2010,肺.支氣管及氣管,390.9
大埔鄉,2010,肺.支氣管及氣管,0
大林鎮,2010,肺.支氣管及氣管,224.39
東石鄉,2010,肺.支氣管及氣管,178.64
番路鄉,2010,肺.支氣管及氣管,200.94
六腳鄉,2010,肺.支氣管及氣管,324.97
鹿草鄉,2010,肺.支氣管及氣管,138.09
梅山鄉,2010,肺.支氣管及氣管,267.48
民雄鄉,2010,肺.支氣管及氣管,213.89
朴子市,2010,肺.支氣管及氣管,213.34
水上鄉,2010,肺.支氣管及氣管,224.73
太保市,2010,肺.支氣管及氣管,348.94
溪口鄉,2010,肺.支氣管及氣管,429.96
中埔鄉,2010,肺.支氣管及氣管,364.66
新港鄉,2010,肺.支氣管及氣管,397.98
義竹鄉,2010,肺.支氣管及氣管,418.57
竹崎鄉,2010,肺.支氣管及氣管,269.8
東區,2010,肝及肝內膽管,289.73
西區,2010,肝及肝內膽管,390.74
阿里山鄉,2010,肝及肝內膽管,596.31
布袋鎮,2010,肝及肝內膽管,196.65
大埔鄉,2010,肝及肝內膽管,421.83
大林鎮,2010,肝及肝內膽管,323.79
東石鄉,2010,肝及肝內膽管,340.43
番路鄉,2010,肝及肝內膽管,78.85
六腳鄉,2010,肝及肝內膽管,381.4
鹿草鄉,2010,肝及肝內膽管,275.79
梅山鄉,2010,肝及肝內膽管,62.78
民雄鄉,2010,肝及肝內膽管,298.2
朴子市,2010,肝及肝內膽管,281.02
水上鄉,2010,肝及肝內膽管,234.43
太保市,2010,肝及肝內膽管,357.84
溪口鄉,2010,肝及肝內膽管,460.63
中埔鄉,2010,肝及肝內膽管,261.36
新港鄉,2010,肝及肝內膽管,399.82
義竹鄉,2010,肝及肝內膽管,185.9
竹崎鄉,2010,肝及肝內膽管,343.76
東區,2010,結腸,237.53
西區,2010,結腸,192.02
阿里山鄉,2010,結腸,0
布袋鎮,2010,結腸,194.61
大埔鄉,2010,結腸,329.43
大林鎮,2010,結腸,109.28
東石鄉,2010,結腸,129.42
番路鄉,2010,結腸,38.51
六腳鄉,2010,結腸,163.25
鹿草鄉,2010,結腸,215.95
梅山鄉,2010,結腸,351.84
民雄鄉,2010,結腸,152.68
朴子市,2010,結腸,125.46
水上鄉,2010,結腸,141.11
太保市,2010,結腸,148.27
溪口鄉,2010,結腸,82.15
中埔鄉,2010,結腸,198.85
新港鄉,2010,結腸,131.3
義竹鄉,2010,結腸,120.69
竹崎鄉,2010,結腸,166.4
東區,2010,口腔.口咽及下咽,125.92
西區,2010,口腔.口咽及下咽,63.8
阿里山鄉,2010,口腔.口咽及下咽,0
布袋鎮,2010,口腔.口咽及下咽,44.27
大埔鄉,2010,口腔.口咽及下咽,421.83
大林鎮,2010,口腔.口咽及下咽,56.47
東石鄉,2010,口腔.口咽及下咽,77.9
番路鄉,2010,口腔.口咽及下咽,157.7
六腳鄉,2010,口腔.口咽及下咽,114.31
鹿草鄉,2010,口腔.口咽及下咽,0
梅山鄉,2010,口腔.口咽及下咽,95.49
民雄鄉,2010,口腔.口咽及下咽,36.1
朴子市,2010,口腔.口咽及下咽,69.72
水上鄉,2010,口腔.口咽及下咽,110.31
太保市,2010,口腔.口咽及下咽,69.6
溪口鄉,2010,口腔.口咽及下咽,67.34
中埔鄉,2010,口腔.口咽及下咽,71.15
新港鄉,2010,口腔.口咽及下咽,79.67
義竹鄉,2010,口腔.口咽及下咽,59.03
竹崎鄉,2010,口腔.口咽及下咽,151.87
東區,2010,卵巢.輸卵管及寬韌帶,28.02
西區,2010,卵巢.輸卵管及寬韌帶,67
阿里山鄉,2010,卵巢.輸卵管及寬韌帶,0
布袋鎮,2010,卵巢.輸卵管及寬韌帶,0
大埔鄉,2010,卵巢.輸卵管及寬韌帶,0
大林鎮,2010,卵巢.輸卵管及寬韌帶,31.38
東石鄉,2010,卵巢.輸卵管及寬韌帶,0
番路鄉,2010,卵巢.輸卵管及寬韌帶,0
六腳鄉,2010,卵巢.輸卵管及寬韌帶,0
鹿草鄉,2010,卵巢.輸卵管及寬韌帶,0
梅山鄉,2010,卵巢.輸卵管及寬韌帶,0
民雄鄉,2010,卵巢.輸卵管及寬韌帶,51.91
朴子市,2010,卵巢.輸卵管及寬韌帶,0
水上鄉,2010,卵巢.輸卵管及寬韌帶,0
太保市,2010,卵巢.輸卵管及寬韌帶,0
溪口鄉,2010,卵巢.輸卵管及寬韌帶,0
中埔鄉,2010,卵巢.輸卵管及寬韌帶,0
新港鄉,2010,卵巢.輸卵管及寬韌帶,0
義竹鄉,2010,卵巢.輸卵管及寬韌帶,0
竹崎鄉,2010,卵巢.輸卵管及寬韌帶,0
東區,2010,女性乳房,253.25
西區,2010,女性乳房,70.77
阿里山鄉,2010,女性乳房,0
布袋鎮,2010,女性乳房,0
大埔鄉,2010,女性乳房,0
大林鎮,2010,女性乳房,25.48
東石鄉,2010,女性乳房,135.11
番路鄉,2010,女性乳房,0
六腳鄉,2010,女性乳房,59.76
鹿草鄉,2010,女性乳房,114.01
梅山鄉,2010,女性乳房,76.7
民雄鄉,2010,女性乳房,30.62
朴子市,2010,女性乳房,193.59
水上鄉,2010,女性乳房,247.67
太保市,2010,女性乳房,206.51
溪口鄉,2010,女性乳房,136.79
中埔鄉,2010,女性乳房,211.66
新港鄉,2010,女性乳房,47.64
義竹鄉,2010,女性乳房,108.91
竹崎鄉,2010,女性乳房,243.49
東區,2010,攝護腺,230.51
西區,2010,攝護腺,239.54
阿里山鄉,2010,攝護腺,0
布袋鎮,2010,攝護腺,233.95
大埔鄉,2010,攝護腺,0
大林鎮,2010,攝護腺,150.71
東石鄉,2010,攝護腺,188.25
番路鄉,2010,攝護腺,114.17
六腳鄉,2010,攝護腺,123
鹿草鄉,2010,攝護腺,56.13
梅山鄉,2010,攝護腺,47.64
民雄鄉,2010,攝護腺,219.15
朴子市,2010,攝護腺,217.63
水上鄉,2010,攝護腺,258.08
太保市,2010,攝護腺,87.69
溪口鄉,2010,攝護腺,257.74
中埔鄉,2010,攝護腺,259.12
新港鄉,2010,攝護腺,108.03
義竹鄉,2010,攝護腺,263.78
竹崎鄉,2010,攝護腺,210.71
東區,2010,食道,13.05
西區,2010,食道,12.27
阿里山鄉,2010,食道,0
布袋鎮,2010,食道,0
大埔鄉,2010,食道,231.55
大林鎮,2010,食道,16.78
東石鄉,2010,食道,0
番路鄉,2010,食道,0
六腳鄉,2010,食道,0
鹿草鄉,2010,食道,0
梅山鄉,2010,食道,18.92
民雄鄉,2010,食道,28.87
朴子市,2010,食道,14.76
水上鄉,2010,食道,24.24
太保市,2010,食道,0
溪口鄉,2010,食道,0
中埔鄉,2010,食道,16.08
新港鄉,2010,食道,29.19
義竹鄉,2010,食道,55.65
竹崎鄉,2010,食道,47.48
東區,2010,胃,111.02
西區,2010,胃,62.32
阿里山鄉,2010,胃,0
布袋鎮,2010,胃,32.1
大埔鄉,2010,胃,231.55
大林鎮,2010,胃,56.47
東石鄉,2010,胃,30.07
番路鄉,2010,胃,0
六腳鄉,2010,胃,25.39
鹿草鄉,2010,胃,39.56
梅山鄉,2010,胃,0
民雄鄉,2010,胃,44.72
朴子市,2010,胃,123.29
水上鄉,2010,胃,44.15
太保市,2010,胃,69.6
溪口鄉,2010,胃,77.57
中埔鄉,2010,胃,13.4
新港鄉,2010,胃,13.04
義竹鄉,2010,胃,191.29
竹崎鄉,2010,胃,36.05
東區,2010,胰,59.03
西區,2010,胰,31.31
阿里山鄉,2010,胰,0
布袋鎮,2010,胰,43.28
大埔鄉,2010,胰,0
大林鎮,2010,胰,63.97
東石鄉,2010,胰,30.47
番路鄉,2010,胰,0
六腳鄉,2010,胰,0
鹿草鄉,2010,胰,18.26
梅山鄉,2010,胰,18.92
民雄鄉,2010,胰,9.62
朴子市,2010,胰,25.32
水上鄉,2010,胰,61.27
太保市,2010,胰,0
溪口鄉,2010,胰,50.57
中埔鄉,2010,胰,14.9
新港鄉,2010,胰,16.15
義竹鄉,2010,胰,0
竹崎鄉,2010,胰,23.74
東區,2010,直腸與肛門,102.16
西區,2010,直腸與肛門,104.12
阿里山鄉,2010,直腸與肛門,0
布袋鎮,2010,直腸與肛門,64.15
大埔鄉,2010,直腸與肛門,190.28
大林鎮,2010,直腸與肛門,156.72
東石鄉,2010,直腸與肛門,220.71
番路鄉,2010,直腸與肛門,0
六腳鄉,2010,直腸與肛門,59.29
鹿草鄉,2010,直腸與肛門,229.63
梅山鄉,2010,直腸與肛門,56.53
民雄鄉,2010,直腸與肛門,130.95
朴子市,2010,直腸與肛門,122.23
水上鄉,2010,直腸與肛門,101.62
太保市,2010,直腸與肛門,220.04
溪口鄉,2010,直腸與肛門,87.48
中埔鄉,2010,直腸與肛門,128.32
新港鄉,2010,直腸與肛門,156.83
義竹鄉,2010,直腸與肛門,112.32
竹崎鄉,2010,直腸與肛門,161.65
東區,2010,子宮頸,24.84
西區,2010,子宮頸,66.12
阿里山鄉,2010,子宮頸,0
布袋鎮,2010,子宮頸,81.44
大埔鄉,2010,子宮頸,457.32
大林鎮,2010,子宮頸,0
東石鄉,2010,子宮頸,0
番路鄉,2010,子宮頸,71.74
六腳鄉,2010,子宮頸,24.46
鹿草鄉,2010,子宮頸,136
梅山鄉,2010,子宮頸,33.36
民雄鄉,2010,子宮頸,63.88
朴子市,2010,子宮頸,77.48
水上鄉,2010,子宮頸,34.94
太保市,2010,子宮頸,33.81
溪口鄉,2010,子宮頸,41.76
中埔鄉,2010,子宮頸,23.2
新港鄉,2010,子宮頸,0
義竹鄉,2010,子宮頸,0
竹崎鄉,2010,子宮頸,25.09
東區,2011,白血病,38.76
西區,2011,白血病,35.2
阿里山鄉,2011,白血病,0
布袋鎮,2011,白血病,17.37
大埔鄉,2011,白血病,0
大林鎮,2011,白血病,28.71
東石鄉,2011,白血病,18.19
番路鄉,2011,白血病,0
六腳鄉,2011,白血病,0
鹿草鄉,2011,白血病,0
梅山鄉,2011,白血病,25.19
民雄鄉,2011,白血病,20.88
朴子市,2011,白血病,9.95
水上鄉,2011,白血病,35.13
太保市,2011,白血病,65.88
溪口鄉,2011,白血病,29.98
中埔鄉,2011,白血病,26.05
新港鄉,2011,白血病,28.54
義竹鄉,2011,白血病,0
竹崎鄉,2011,白血病,0
東區,2011,膀胱,26.05
西區,2011,膀胱,46.58
阿里山鄉,2011,膀胱,0
布袋鎮,2011,膀胱,100.05
大埔鄉,2011,膀胱,146.34
大林鎮,2011,膀胱,52.84
東石鄉,2011,膀胱,44.53
番路鄉,2011,膀胱,32.81
六腳鄉,2011,膀胱,14.63
鹿草鄉,2011,膀胱,62.3
梅山鄉,2011,膀胱,37.64
民雄鄉,2011,膀胱,44.14
朴子市,2011,膀胱,43.06
水上鄉,2011,膀胱,21.12
太保市,2011,膀胱,23.83
溪口鄉,2011,膀胱,0
中埔鄉,2011,膀胱,13.31
新港鄉,2011,膀胱,50.51
義竹鄉,2011,膀胱,32.63
竹崎鄉,2011,膀胱,74.54
東區,2011,非何杰金氏淋巴瘤,30.47
西區,2011,非何杰金氏淋巴瘤,30.67
阿里山鄉,2011,非何杰金氏淋巴瘤,138.3
布袋鎮,2011,非何杰金氏淋巴瘤,34.15
大埔鄉,2011,非何杰金氏淋巴瘤,0
大林鎮,2011,非何杰金氏淋巴瘤,0
東石鄉,2011,非何杰金氏淋巴瘤,0
番路鄉,2011,非何杰金氏淋巴瘤,52.3
六腳鄉,2011,非何杰金氏淋巴瘤,18.34
鹿草鄉,2011,非何杰金氏淋巴瘤,43.97
梅山鄉,2011,非何杰金氏淋巴瘤,0
民雄鄉,2011,非何杰金氏淋巴瘤,55.57
朴子市,2011,非何杰金氏淋巴瘤,32.27
水上鄉,2011,非何杰金氏淋巴瘤,14.07
太保市,2011,非何杰金氏淋巴瘤,71.14
溪口鄉,2011,非何杰金氏淋巴瘤,47.53
中埔鄉,2011,非何杰金氏淋巴瘤,75.32
新港鄉,2011,非何杰金氏淋巴瘤,25.37
義竹鄉,2011,非何杰金氏淋巴瘤,0
竹崎鄉,2011,非何杰金氏淋巴瘤,16.58
東區,2011,肺.支氣管及氣管,324.26
西區,2011,肺.支氣管及氣管,311.68
阿里山鄉,2011,肺.支氣管及氣管,138.3
布袋鎮,2011,肺.支氣管及氣管,458.68
大埔鄉,2011,肺.支氣管及氣管,397.47
大林鎮,2011,肺.支氣管及氣管,169.34
東石鄉,2011,肺.支氣管及氣管,319.66
番路鄉,2011,肺.支氣管及氣管,311.79
六腳鄉,2011,肺.支氣管及氣管,237.44
鹿草鄉,2011,肺.支氣管及氣管,174.15
梅山鄉,2011,肺.支氣管及氣管,280.26
民雄鄉,2011,肺.支氣管及氣管,406.11
朴子市,2011,肺.支氣管及氣管,157.11
水上鄉,2011,肺.支氣管及氣管,257.93
太保市,2011,肺.支氣管及氣管,226.28
溪口鄉,2011,肺.支氣管及氣管,215.55
中埔鄉,2011,肺.支氣管及氣管,314.88
新港鄉,2011,肺.支氣管及氣管,259.13
義竹鄉,2011,肺.支氣管及氣管,205.59
竹崎鄉,2011,肺.支氣管及氣管,225.15
東區,2011,肝及肝內膽管,308.53
西區,2011,肝及肝內膽管,339.14
阿里山鄉,2011,肝及肝內膽管,692.69
布袋鎮,2011,肝及肝內膽管,160.79
大埔鄉,2011,肝及肝內膽管,0
大林鎮,2011,肝及肝內膽管,337.48
東石鄉,2011,肝及肝內膽管,144.23
番路鄉,2011,肝及肝內膽管,196.39
六腳鄉,2011,肝及肝內膽管,339.11
鹿草鄉,2011,肝及肝內膽管,130.38
梅山鄉,2011,肝及肝內膽管,271.71
民雄鄉,2011,肝及肝內膽管,269.66
朴子市,2011,肝及肝內膽管,253.89
水上鄉,2011,肝及肝內膽管,257.68
太保市,2011,肝及肝內膽管,359.02
溪口鄉,2011,肝及肝內膽管,379.18
中埔鄉,2011,肝及肝內膽管,409.78
新港鄉,2011,肝及肝內膽管,271.78
義竹鄉,2011,肝及肝內膽管,166.94
竹崎鄉,2011,肝及肝內膽管,297.81
東區,2011,結腸,153.76
西區,2011,結腸,223.33
阿里山鄉,2011,結腸,0
布袋鎮,2011,結腸,173.17
大埔鄉,2011,結腸,0
大林鎮,2011,結腸,187.25
東石鄉,2011,結腸,159.07
番路鄉,2011,結腸,78.63
六腳鄉,2011,結腸,137.81
鹿草鄉,2011,結腸,48.29
梅山鄉,2011,結腸,182.41
民雄鄉,2011,結腸,169.15
朴子市,2011,結腸,124.32
水上鄉,2011,結腸,160.81
太保市,2011,結腸,159.42
溪口鄉,2011,結腸,134.66
中埔鄉,2011,結腸,284.61
新港鄉,2011,結腸,230.16
義竹鄉,2011,結腸,287.94
竹崎鄉,2011,結腸,162.96
東區,2011,口腔.口咽及下咽,71.94
西區,2011,口腔.口咽及下咽,106.02
阿里山鄉,2011,口腔.口咽及下咽,0
布袋鎮,2011,口腔.口咽及下咽,94.71
大埔鄉,2011,口腔.口咽及下咽,457.32
大林鎮,2011,口腔.口咽及下咽,39.08
東石鄉,2011,口腔.口咽及下咽,79.6
番路鄉,2011,口腔.口咽及下咽,152.94
六腳鄉,2011,口腔.口咽及下咽,59.43
鹿草鄉,2011,口腔.口咽及下咽,63.55
梅山鄉,2011,口腔.口咽及下咽,0
民雄鄉,2011,口腔.口咽及下咽,35.56
朴子市,2011,口腔.口咽及下咽,74.17
水上鄉,2011,口腔.口咽及下咽,23.61
太保市,2011,口腔.口咽及下咽,68.64
溪口鄉,2011,口腔.口咽及下咽,0
中埔鄉,2011,口腔.口咽及下咽,103.83
新港鄉,2011,口腔.口咽及下咽,33.45
義竹鄉,2011,口腔.口咽及下咽,103.39
竹崎鄉,2011,口腔.口咽及下咽,79.47
東區,2011,卵巢.輸卵管及寬韌帶,24.23
西區,2011,卵巢.輸卵管及寬韌帶,42.69
阿里山鄉,2011,卵巢.輸卵管及寬韌帶,0
布袋鎮,2011,卵巢.輸卵管及寬韌帶,27.63
大埔鄉,2011,卵巢.輸卵管及寬韌帶,0
大林鎮,2011,卵巢.輸卵管及寬韌帶,51.17
東石鄉,2011,卵巢.輸卵管及寬韌帶,0
番路鄉,2011,卵巢.輸卵管及寬韌帶,0
六腳鄉,2011,卵巢.輸卵管及寬韌帶,17.82
鹿草鄉,2011,卵巢.輸卵管及寬韌帶,0
梅山鄉,2011,卵巢.輸卵管及寬韌帶,0
民雄鄉,2011,卵巢.輸卵管及寬韌帶,0
朴子市,2011,卵巢.輸卵管及寬韌帶,0
水上鄉,2011,卵巢.輸卵管及寬韌帶,61.02
太保市,2011,卵巢.輸卵管及寬韌帶,0
溪口鄉,2011,卵巢.輸卵管及寬韌帶,0
中埔鄉,2011,卵巢.輸卵管及寬韌帶,0
新港鄉,2011,卵巢.輸卵管及寬韌帶,32.29
義竹鄉,2011,卵巢.輸卵管及寬韌帶,0
竹崎鄉,2011,卵巢.輸卵管及寬韌帶,0
東區,2011,女性乳房,249.42
西區,2011,女性乳房,132.6
阿里山鄉,2011,女性乳房,0
布袋鎮,2011,女性乳房,31.42
大埔鄉,2011,女性乳房,0
大林鎮,2011,女性乳房,159.97
東石鄉,2011,女性乳房,105.21
番路鄉,2011,女性乳房,0
六腳鄉,2011,女性乳房,43.07
鹿草鄉,2011,女性乳房,104.8
梅山鄉,2011,女性乳房,159.41
民雄鄉,2011,女性乳房,65.57
朴子市,2011,女性乳房,185.2
水上鄉,2011,女性乳房,64.83
太保市,2011,女性乳房,125.9
溪口鄉,2011,女性乳房,0
中埔鄉,2011,女性乳房,96.94
新港鄉,2011,女性乳房,0
義竹鄉,2011,女性乳房,181.74
竹崎鄉,2011,女性乳房,50.32
東區,2011,攝護腺,269.76
西區,2011,攝護腺,165.53
阿里山鄉,2011,攝護腺,0
布袋鎮,2011,攝護腺,307.9
大埔鄉,2011,攝護腺,0
大林鎮,2011,攝護腺,275.51
東石鄉,2011,攝護腺,397.95
番路鄉,2011,攝護腺,198.33
六腳鄉,2011,攝護腺,100.43
鹿草鄉,2011,攝護腺,146
梅山鄉,2011,攝護腺,338.18
民雄鄉,2011,攝護腺,249.87
朴子市,2011,攝護腺,212.19
水上鄉,2011,攝護腺,157.49
太保市,2011,攝護腺,293.55
溪口鄉,2011,攝護腺,274.69
中埔鄉,2011,攝護腺,160.51
新港鄉,2011,攝護腺,241.53
義竹鄉,2011,攝護腺,92.4
竹崎鄉,2011,攝護腺,276.6
東區,2011,食道,22.94
西區,2011,食道,23.76
阿里山鄉,2011,食道,0
布袋鎮,2011,食道,17.37
大埔鄉,2011,食道,0
大林鎮,2011,食道,0
東石鄉,2011,食道,0
番路鄉,2011,食道,0
六腳鄉,2011,食道,71.25
鹿草鄉,2011,食道,45.73
梅山鄉,2011,食道,18.81
民雄鄉,2011,食道,16.68
朴子市,2011,食道,34.24
水上鄉,2011,食道,44.68
太保市,2011,食道,0
溪口鄉,2011,食道,0
中埔鄉,2011,食道,29.14
新港鄉,2011,食道,0
義竹鄉,2011,食道,0
竹崎鄉,2011,食道,50.97
東區,2011,胃,73.7
西區,2011,胃,37.85
阿里山鄉,2011,胃,123.6
布袋鎮,2011,胃,68.47
大埔鄉,2011,胃,0
大林鎮,2011,胃,42.53
東石鄉,2011,胃,60.65
番路鄉,2011,胃,43.45
六腳鄉,2011,胃,77.66
鹿草鄉,2011,胃,26.67
梅山鄉,2011,胃,100.31
民雄鄉,2011,胃,25.04
朴子市,2011,胃,40.32
水上鄉,2011,胃,65.49
太保市,2011,胃,81.97
溪口鄉,2011,胃,0
中埔鄉,2011,胃,122.8
新港鄉,2011,胃,38.23
義竹鄉,2011,胃,62.9
竹崎鄉,2011,胃,33.16
東區,2011,胰,25.42
西區,2011,胰,26.13
阿里山鄉,2011,胰,0
布袋鎮,2011,胰,15.29
大埔鄉,2011,胰,0
大林鎮,2011,胰,49.58
東石鄉,2011,胰,26.34
番路鄉,2011,胰,0
六腳鄉,2011,胰,0
鹿草鄉,2011,胰,44.49
梅山鄉,2011,胰,0
民雄鄉,2011,胰,35.56
朴子市,2011,胰,22.32
水上鄉,2011,胰,20.1
太保市,2011,胰,77.26
溪口鄉,2011,胰,0
中埔鄉,2011,胰,13.31
新港鄉,2011,胰,26.42
義竹鄉,2011,胰,40.88
竹崎鄉,2011,胰,30.28
東區,2011,直腸與肛門,116.2
西區,2011,直腸與肛門,76.82
阿里山鄉,2011,直腸與肛門,0
布袋鎮,2011,直腸與肛門,125.46
大埔鄉,2011,直腸與肛門,0
大林鎮,2011,直腸與肛門,83.47
東石鄉,2011,直腸與肛門,120.06
番路鄉,2011,直腸與肛門,134.88
六腳鄉,2011,直腸與肛門,98.81
鹿草鄉,2011,直腸與肛門,183.72
梅山鄉,2011,直腸與肛門,154.6
民雄鄉,2011,直腸與肛門,207.04
朴子市,2011,直腸與肛門,127.89
水上鄉,2011,直腸與肛門,98.15
太保市,2011,直腸與肛門,121.37
溪口鄉,2011,直腸與肛門,97.85
中埔鄉,2011,直腸與肛門,164.69
新港鄉,2011,直腸與肛門,78.2
義竹鄉,2011,直腸與肛門,120.02
竹崎鄉,2011,直腸與肛門,139.58
東區,2011,子宮頸,53.12
西區,2011,子宮頸,18.11
阿里山鄉,2011,子宮頸,0
布袋鎮,2011,子宮頸,52.29
大埔鄉,2011,子宮頸,0
大林鎮,2011,子宮頸,81.87
東石鄉,2011,子宮頸,56.35
番路鄉,2011,子宮頸,0
六腳鄉,2011,子宮頸,26.06
鹿草鄉,2011,子宮頸,104.8
梅山鄉,2011,子宮頸,29.62
民雄鄉,2011,子宮頸,16.98
朴子市,2011,子宮頸,0
水上鄉,2011,子宮頸,39
太保市,2011,子宮頸,0
溪口鄉,2011,子宮頸,0
中埔鄉,2011,子宮頸,23.51
新港鄉,2011,子宮頸,0
義竹鄉,2011,子宮頸,39.92
竹崎鄉,2011,子宮頸,0
東區,2012,白血病,6.67
西區,2012,白血病,24.85
阿里山鄉,2012,白血病,0
布袋鎮,2012,白血病,17.95
大埔鄉,2012,白血病,0
大林鎮,2012,白血病,34.15
東石鄉,2012,白血病,70.35
番路鄉,2012,白血病,0
六腳鄉,2012,白血病,10.76
鹿草鄉,2012,白血病,36.04
梅山鄉,2012,白血病,18.54
民雄鄉,2012,白血病,49.61
朴子市,2012,白血病,9.83
水上鄉,2012,白血病,30.74
太保市,2012,白血病,23.45
溪口鄉,2012,白血病,0
中埔鄉,2012,白血病,76.37
新港鄉,2012,白血病,12.49
義竹鄉,2012,白血病,14.73
竹崎鄉,2012,白血病,12.53
東區,2012,膀胱,95.11
西區,2012,膀胱,49.82
阿里山鄉,2012,膀胱,203.66
布袋鎮,2012,膀胱,108.72
大埔鄉,2012,膀胱,0
大林鎮,2012,膀胱,55.3
東石鄉,2012,膀胱,25.92
番路鄉,2012,膀胱,0
六腳鄉,2012,膀胱,25.59
鹿草鄉,2012,膀胱,26.72
梅山鄉,2012,膀胱,0
民雄鄉,2012,膀胱,32.18
朴子市,2012,膀胱,21.93
水上鄉,2012,膀胱,40.44
太保市,2012,膀胱,20.16
溪口鄉,2012,膀胱,93.09
中埔鄉,2012,膀胱,111.53
新港鄉,2012,膀胱,12.49
義竹鄉,2012,膀胱,31.7
竹崎鄉,2012,膀胱,25.87
東區,2012,非何杰金氏淋巴瘤,42.45
西區,2012,非何杰金氏淋巴瘤,4.47
阿里山鄉,2012,非何杰金氏淋巴瘤,119.56
布袋鎮,2012,非何杰金氏淋巴瘤,0
大埔鄉,2012,非何杰金氏淋巴瘤,0
大林鎮,2012,非何杰金氏淋巴瘤,38.59
東石鄉,2012,非何杰金氏淋巴瘤,30.85
番路鄉,2012,非何杰金氏淋巴瘤,51.5
六腳鄉,2012,非何杰金氏淋巴瘤,0
鹿草鄉,2012,非何杰金氏淋巴瘤,0
梅山鄉,2012,非何杰金氏淋巴瘤,16.08
民雄鄉,2012,非何杰金氏淋巴瘤,48.23
朴子市,2012,非何杰金氏淋巴瘤,44.61
水上鄉,2012,非何杰金氏淋巴瘤,44.26
太保市,2012,非何杰金氏淋巴瘤,23.45
溪口鄉,2012,非何杰金氏淋巴瘤,0
中埔鄉,2012,非何杰金氏淋巴瘤,34.49
新港鄉,2012,非何杰金氏淋巴瘤,78.81
義竹鄉,2012,非何杰金氏淋巴瘤,39.97
竹崎鄉,2012,非何杰金氏淋巴瘤,0
東區,2012,肺.支氣管及氣管,263.76
西區,2012,肺.支氣管及氣管,210.4
阿里山鄉,2012,肺.支氣管及氣管,188.58
布袋鎮,2012,肺.支氣管及氣管,414.79
大埔鄉,2012,肺.支氣管及氣管,239.12
大林鎮,2012,肺.支氣管及氣管,260.88
東石鄉,2012,肺.支氣管及氣管,217.45
番路鄉,2012,肺.支氣管及氣管,179.78
六腳鄉,2012,肺.支氣管及氣管,188.85
鹿草鄉,2012,肺.支氣管及氣管,325.52
梅山鄉,2012,肺.支氣管及氣管,140.1
民雄鄉,2012,肺.支氣管及氣管,240.41
朴子市,2012,肺.支氣管及氣管,255.37
水上鄉,2012,肺.支氣管及氣管,274.98
太保市,2012,肺.支氣管及氣管,199.09
溪口鄉,2012,肺.支氣管及氣管,268.17
中埔鄉,2012,肺.支氣管及氣管,294.15
新港鄉,2012,肺.支氣管及氣管,323.38
義竹鄉,2012,肺.支氣管及氣管,322.9
竹崎鄉,2012,肺.支氣管及氣管,208.71
東區,2012,肝及肝內膽管,338.96
西區,2012,肝及肝內膽管,256.17
阿里山鄉,2012,肝及肝內膽管,506.09
布袋鎮,2012,肝及肝內膽管,207.69
大埔鄉,2012,肝及肝內膽管,186.31
大林鎮,2012,肝及肝內膽管,410.42
東石鄉,2012,肝及肝內膽管,261.45
番路鄉,2012,肝及肝內膽管,300.17
六腳鄉,2012,肝及肝內膽管,237.23
鹿草鄉,2012,肝及肝內膽管,242.51
梅山鄉,2012,肝及肝內膽管,156.31
民雄鄉,2012,肝及肝內膽管,226.77
朴子市,2012,肝及肝內膽管,155.55
水上鄉,2012,肝及肝內膽管,184.35
太保市,2012,肝及肝內膽管,401.15
溪口鄉,2012,肝及肝內膽管,428.6
中埔鄉,2012,肝及肝內膽管,311.29
新港鄉,2012,肝及肝內膽管,233.08
義竹鄉,2012,肝及肝內膽管,105.99
竹崎鄉,2012,肝及肝內膽管,307.32
東區,2012,結腸,227.74
西區,2012,結腸,260.31
阿里山鄉,2012,結腸,188.58
布袋鎮,2012,結腸,143.72
大埔鄉,2012,結腸,319.35
大林鎮,2012,結腸,171.31
東石鄉,2012,結腸,301.84
番路鄉,2012,結腸,81.12
六腳鄉,2012,結腸,106.38
鹿草鄉,2012,結腸,157.14
梅山鄉,2012,結腸,92.55
民雄鄉,2012,結腸,226.46
朴子市,2012,結腸,185.77
水上鄉,2012,結腸,111.54
太保市,2012,結腸,198.31
溪口鄉,2012,結腸,213.93
中埔鄉,2012,結腸,252.98
新港鄉,2012,結腸,75.05
義竹鄉,2012,結腸,106.34
竹崎鄉,2012,結腸,59.4
東區,2012,口腔.口咽及下咽,42.45
西區,2012,口腔.口咽及下咽,56.08
阿里山鄉,2012,口腔.口咽及下咽,0
布袋鎮,2012,口腔.口咽及下咽,0
大埔鄉,2012,口腔.口咽及下咽,239.12
大林鎮,2012,口腔.口咽及下咽,39.14
東石鄉,2012,口腔.口咽及下咽,76
番路鄉,2012,口腔.口咽及下咽,96
六腳鄉,2012,口腔.口咽及下咽,25.59
鹿草鄉,2012,口腔.口咽及下咽,118.01
梅山鄉,2012,口腔.口咽及下咽,46.28
民雄鄉,2012,口腔.口咽及下咽,80.32
朴子市,2012,口腔.口咽及下咽,48.36
水上鄉,2012,口腔.口咽及下咽,86.68
太保市,2012,口腔.口咽及下咽,34.1
溪口鄉,2012,口腔.口咽及下咽,23.68
中埔鄉,2012,口腔.口咽及下咽,63.31
新港鄉,2012,口腔.口咽及下咽,41.87
義竹鄉,2012,口腔.口咽及下咽,0
竹崎鄉,2012,口腔.口咽及下咽,55.02
東區,2012,卵巢.輸卵管及寬韌帶,26.1
西區,2012,卵巢.輸卵管及寬韌帶,27.44
阿里山鄉,2012,卵巢.輸卵管及寬韌帶,0
布袋鎮,2012,卵巢.輸卵管及寬韌帶,60.67
大埔鄉,2012,卵巢.輸卵管及寬韌帶,0
大林鎮,2012,卵巢.輸卵管及寬韌帶,0
東石鄉,2012,卵巢.輸卵管及寬韌帶,0
番路鄉,2012,卵巢.輸卵管及寬韌帶,0
六腳鄉,2012,卵巢.輸卵管及寬韌帶,0
鹿草鄉,2012,卵巢.輸卵管及寬韌帶,0
梅山鄉,2012,卵巢.輸卵管及寬韌帶,0
民雄鄉,2012,卵巢.輸卵管及寬韌帶,0
朴子市,2012,卵巢.輸卵管及寬韌帶,21.65
水上鄉,2012,卵巢.輸卵管及寬韌帶,21.05
太保市,2012,卵巢.輸卵管及寬韌帶,0
溪口鄉,2012,卵巢.輸卵管及寬韌帶,0
中埔鄉,2012,卵巢.輸卵管及寬韌帶,0
新港鄉,2012,卵巢.輸卵管及寬韌帶,0
義竹鄉,2012,卵巢.輸卵管及寬韌帶,29.55
竹崎鄉,2012,卵巢.輸卵管及寬韌帶,0
東區,2012,女性乳房,121.36
西區,2012,女性乳房,115.23
阿里山鄉,2012,女性乳房,0
布袋鎮,2012,女性乳房,23.96
大埔鄉,2012,女性乳房,0
大林鎮,2012,女性乳房,77.92
東石鄉,2012,女性乳房,0
番路鄉,2012,女性乳房,0
六腳鄉,2012,女性乳房,117.34
鹿草鄉,2012,女性乳房,39.77
梅山鄉,2012,女性乳房,78.51
民雄鄉,2012,女性乳房,127.28
朴子市,2012,女性乳房,27.38
水上鄉,2012,女性乳房,190.34
太保市,2012,女性乳房,45.02
溪口鄉,2012,女性乳房,0
中埔鄉,2012,女性乳房,288.45
新港鄉,2012,女性乳房,73.31
義竹鄉,2012,女性乳房,50.88
竹崎鄉,2012,女性乳房,103.19
東區,2012,攝護腺,250.74
西區,2012,攝護腺,242.86
阿里山鄉,2012,攝護腺,228.66
布袋鎮,2012,攝護腺,323.64
大埔鄉,2012,攝護腺,0
大林鎮,2012,攝護腺,230.8
東石鄉,2012,攝護腺,105.14
番路鄉,2012,攝護腺,511.39
六腳鄉,2012,攝護腺,125.68
鹿草鄉,2012,攝護腺,193.51
梅山鄉,2012,攝護腺,300.31
民雄鄉,2012,攝護腺,208.93
朴子市,2012,攝護腺,438.02
水上鄉,2012,攝護腺,359.23
太保市,2012,攝護腺,131.88
溪口鄉,2012,攝護腺,115.58
中埔鄉,2012,攝護腺,311.28
新港鄉,2012,攝護腺,219.52
義竹鄉,2012,攝護腺,89.34
竹崎鄉,2012,攝護腺,128.65
東區,2012,食道,13.53
西區,2012,食道,6.42
阿里山鄉,2012,食道,0
布袋鎮,2012,食道,31.79
大埔鄉,2012,食道,0
大林鎮,2012,食道,27.3
東石鄉,2012,食道,19
番路鄉,2012,食道,44.51
六腳鄉,2012,食道,0
鹿草鄉,2012,食道,0
梅山鄉,2012,食道,63.75
民雄鄉,2012,食道,11.46
朴子市,2012,食道,12.09
水上鄉,2012,食道,9.41
太保市,2012,食道,0
溪口鄉,2012,食道,23.68
中埔鄉,2012,食道,13.08
新港鄉,2012,食道,28.5
義竹鄉,2012,食道,0
竹崎鄉,2012,食道,0
東區,2012,胃,96.39
西區,2012,胃,108.72
阿里山鄉,2012,胃,0
布袋鎮,2012,胃,68.23
大埔鄉,2012,胃,0
大林鎮,2012,胃,50.7
東石鄉,2012,胃,0
番路鄉,2012,胃,205.07
六腳鄉,2012,胃,32.81
鹿草鄉,2012,胃,63.38
梅山鄉,2012,胃,74.67
民雄鄉,2012,胃,35.64
朴子市,2012,胃,103.07
水上鄉,2012,胃,56.37
太保市,2012,胃,96.06
溪口鄉,2012,胃,0
中埔鄉,2012,胃,0
新港鄉,2012,胃,35.69
義竹鄉,2012,胃,46.43
竹崎鄉,2012,胃,39.6
東區,2012,胰,43.19
西區,2012,胰,29.53
阿里山鄉,2012,胰,0
布袋鎮,2012,胰,14.84
大埔鄉,2012,胰,0
大林鎮,2012,胰,0
東石鄉,2012,胰,0
番路鄉,2012,胰,51.5
六腳鄉,2012,胰,86.75
鹿草鄉,2012,胰,0
梅山鄉,2012,胰,18.54
民雄鄉,2012,胰,17.32
朴子市,2012,胰,9.83
水上鄉,2012,胰,32.58
太保市,2012,胰,54.25
溪口鄉,2012,胰,97.11
中埔鄉,2012,胰,48.28
新港鄉,2012,胰,11.6
義竹鄉,2012,胰,0
竹崎鄉,2012,胰,17.22
東區,2012,直腸與肛門,94.88
西區,2012,直腸與肛門,120.2
阿里山鄉,2012,直腸與肛門,0
布袋鎮,2012,直腸與肛門,83.07
大埔鄉,2012,直腸與肛門,239.12
大林鎮,2012,直腸與肛門,160.61
東石鄉,2012,直腸與肛門,111.11
番路鄉,2012,直腸與肛門,0
六腳鄉,2012,直腸與肛門,135.27
鹿草鄉,2012,直腸與肛門,138.86
梅山鄉,2012,直腸與肛門,138.86
民雄鄉,2012,直腸與肛門,141.36
朴子市,2012,直腸與肛門,57.02
水上鄉,2012,直腸與肛門,84.41
太保市,2012,直腸與肛門,86.97
溪口鄉,2012,直腸與肛門,67.42
中埔鄉,2012,直腸與肛門,68.08
新港鄉,2012,直腸與肛門,116.33
義竹鄉,2012,直腸與肛門,57.06
竹崎鄉,2012,直腸與肛門,105.94
東區,2012,子宮頸,9.72
西區,2012,子宮頸,0
阿里山鄉,2012,子宮頸,0
布袋鎮,2012,子宮頸,0
大埔鄉,2012,子宮頸,0
大林鎮,2012,子宮頸,0
東石鄉,2012,子宮頸,20.87
番路鄉,2012,子宮頸,0
六腳鄉,2012,子宮頸,0
鹿草鄉,2012,子宮頸,0
梅山鄉,2012,子宮頸,0
民雄鄉,2012,子宮頸,35.27
朴子市,2012,子宮頸,15.7
水上鄉,2012,子宮頸,0
太保市,2012,子宮頸,0
溪口鄉,2012,子宮頸,0
中埔鄉,2012,子宮頸,72.54
新港鄉,2012,子宮頸,0
義竹鄉,2012,子宮頸,0
竹崎鄉,2012,子宮頸,70.91
東區,2013,白血病,37.06
西區,2013,白血病,31.25
阿里山鄉,2013,白血病,175.89
布袋鎮,2013,白血病,29.84
大埔鄉,2013,白血病,0
大林鎮,2013,白血病,51.28
東石鄉,2013,白血病,0
番路鄉,2013,白血病,0
六腳鄉,2013,白血病,60.97
鹿草鄉,2013,白血病,0
梅山鄉,2013,白血病,37.84
民雄鄉,2013,白血病,0
朴子市,2013,白血病,52.76
水上鄉,2013,白血病,35.56
太保市,2013,白血病,18.91
溪口鄉,2013,白血病,20.52
中埔鄉,2013,白血病,21.65
新港鄉,2013,白血病,0
義竹鄉,2013,白血病,40.38
竹崎鄉,2013,白血病,11.38
東區,2013,膀胱,42.85
西區,2013,膀胱,41.06
阿里山鄉,2013,膀胱,0
布袋鎮,2013,膀胱,168.65
大埔鄉,2013,膀胱,0
大林鎮,2013,膀胱,108.71
東石鄉,2013,膀胱,73.05
番路鄉,2013,膀胱,0
六腳鄉,2013,膀胱,91.23
鹿草鄉,2013,膀胱,73.43
梅山鄉,2013,膀胱,49.78
民雄鄉,2013,膀胱,58.11
朴子市,2013,膀胱,87.36
水上鄉,2013,膀胱,17.93
太保市,2013,膀胱,46.18
溪口鄉,2013,膀胱,45.21
中埔鄉,2013,膀胱,15.65
新港鄉,2013,膀胱,36.2
義竹鄉,2013,膀胱,64.9
竹崎鄉,2013,膀胱,0
東區,2013,非何杰金氏淋巴瘤,47.75
西區,2013,非何杰金氏淋巴瘤,57.99
阿里山鄉,2013,非何杰金氏淋巴瘤,0
布袋鎮,2013,非何杰金氏淋巴瘤,59.92
大埔鄉,2013,非何杰金氏淋巴瘤,0
大林鎮,2013,非何杰金氏淋巴瘤,35.83
東石鄉,2013,非何杰金氏淋巴瘤,0
番路鄉,2013,非何杰金氏淋巴瘤,0
六腳鄉,2013,非何杰金氏淋巴瘤,47.74
鹿草鄉,2013,非何杰金氏淋巴瘤,0
梅山鄉,2013,非何杰金氏淋巴瘤,32.66
民雄鄉,2013,非何杰金氏淋巴瘤,15.37
朴子市,2013,非何杰金氏淋巴瘤,44.09
水上鄉,2013,非何杰金氏淋巴瘤,40.32
太保市,2013,非何杰金氏淋巴瘤,0
溪口鄉,2013,非何杰金氏淋巴瘤,118.47
中埔鄉,2013,非何杰金氏淋巴瘤,0
新港鄉,2013,非何杰金氏淋巴瘤,81.98
義竹鄉,2013,非何杰金氏淋巴瘤,24.11
竹崎鄉,2013,非何杰金氏淋巴瘤,79.54
東區,2013,肺.支氣管及氣管,155.73
西區,2013,肺.支氣管及氣管,229.67
阿里山鄉,2013,肺.支氣管及氣管,358.47
布袋鎮,2013,肺.支氣管及氣管,361.95
大埔鄉,2013,肺.支氣管及氣管,166.3
大林鎮,2013,肺.支氣管及氣管,180.47
東石鄉,2013,肺.支氣管及氣管,268.78
番路鄉,2013,肺.支氣管及氣管,311.21
六腳鄉,2013,肺.支氣管及氣管,309
鹿草鄉,2013,肺.支氣管及氣管,295.37
梅山鄉,2013,肺.支氣管及氣管,63.91
民雄鄉,2013,肺.支氣管及氣管,386.29
朴子市,2013,肺.支氣管及氣管,299.67
水上鄉,2013,肺.支氣管及氣管,153.73
太保市,2013,肺.支氣管及氣管,279.32
溪口鄉,2013,肺.支氣管及氣管,319.33
中埔鄉,2013,肺.支氣管及氣管,242.92
新港鄉,2013,肺.支氣管及氣管,169.29
義竹鄉,2013,肺.支氣管及氣管,249.14
竹崎鄉,2013,肺.支氣管及氣管,254.72
東區,2013,肝及肝內膽管,299.71
西區,2013,肝及肝內膽管,458.52
阿里山鄉,2013,肝及肝內膽管,336.12
布袋鎮,2013,肝及肝內膽管,361.92
大埔鄉,2013,肝及肝內膽管,207.87
大林鎮,2013,肝及肝內膽管,322.66
東石鄉,2013,肝及肝內膽管,483.39
番路鄉,2013,肝及肝內膽管,313.91
六腳鄉,2013,肝及肝內膽管,154.52
鹿草鄉,2013,肝及肝內膽管,232.38
梅山鄉,2013,肝及肝內膽管,163.78
民雄鄉,2013,肝及肝內膽管,305.64
朴子市,2013,肝及肝內膽管,274.19
水上鄉,2013,肝及肝內膽管,309.79
太保市,2013,肝及肝內膽管,404.82
溪口鄉,2013,肝及肝內膽管,336.08
中埔鄉,2013,肝及肝內膽管,316.64
新港鄉,2013,肝及肝內膽管,445.72
義竹鄉,2013,肝及肝內膽管,279.83
竹崎鄉,2013,肝及肝內膽管,339.04
東區,2013,結腸,277.42
西區,2013,結腸,215.99
阿里山鄉,2013,結腸,118.78
布袋鎮,2013,結腸,192.76
大埔鄉,2013,結腸,118.02
大林鎮,2013,結腸,162.2
東石鄉,2013,結腸,59.08
番路鄉,2013,結腸,112.26
六腳鄉,2013,結腸,86.27
鹿草鄉,2013,結腸,183.22
梅山鄉,2013,結腸,123.93
民雄鄉,2013,結腸,186.62
朴子市,2013,結腸,246.06
水上鄉,2013,結腸,157.63
太保市,2013,結腸,151.54
溪口鄉,2013,結腸,276.97
中埔鄉,2013,結腸,159.1
新港鄉,2013,結腸,125.07
義竹鄉,2013,結腸,88.61
竹崎鄉,2013,結腸,119.48
東區,2013,口腔.口咽及下咽,68.03
西區,2013,口腔.口咽及下咽,69.91
阿里山鄉,2013,口腔.口咽及下咽,0
布袋鎮,2013,口腔.口咽及下咽,59.89
大埔鄉,2013,口腔.口咽及下咽,0
大林鎮,2013,口腔.口咽及下咽,53.64
東石鄉,2013,口腔.口咽及下咽,75.28
番路鄉,2013,口腔.口咽及下咽,0
六腳鄉,2013,口腔.口咽及下咽,78.06
鹿草鄉,2013,口腔.口咽及下咽,151.34
梅山鄉,2013,口腔.口咽及下咽,59.85
民雄鄉,2013,口腔.口咽及下咽,105.69
朴子市,2013,口腔.口咽及下咽,45.09
水上鄉,2013,口腔.口咽及下咽,38.61
太保市,2013,口腔.口咽及下咽,98.28
溪口鄉,2013,口腔.口咽及下咽,52.49
中埔鄉,2013,口腔.口咽及下咽,60.26
新港鄉,2013,口腔.口咽及下咽,63.26
義竹鄉,2013,口腔.口咽及下咽,96.03
竹崎鄉,2013,口腔.口咽及下咽,79.54
東區,2013,卵巢.輸卵管及寬韌帶,0
西區,2013,卵巢.輸卵管及寬韌帶,14.61
阿里山鄉,2013,卵巢.輸卵管及寬韌帶,0
布袋鎮,2013,卵巢.輸卵管及寬韌帶,0
大埔鄉,2013,卵巢.輸卵管及寬韌帶,0
大林鎮,2013,卵巢.輸卵管及寬韌帶,0
東石鄉,2013,卵巢.輸卵管及寬韌帶,24.65
番路鄉,2013,卵巢.輸卵管及寬韌帶,0
六腳鄉,2013,卵巢.輸卵管及寬韌帶,0
鹿草鄉,2013,卵巢.輸卵管及寬韌帶,92.62
梅山鄉,2013,卵巢.輸卵管及寬韌帶,28.51
民雄鄉,2013,卵巢.輸卵管及寬韌帶,0
朴子市,2013,卵巢.輸卵管及寬韌帶,0
水上鄉,2013,卵巢.輸卵管及寬韌帶,43.77
太保市,2013,卵巢.輸卵管及寬韌帶,0
溪口鄉,2013,卵巢.輸卵管及寬韌帶,0
中埔鄉,2013,卵巢.輸卵管及寬韌帶,24.46
新港鄉,2013,卵巢.輸卵管及寬韌帶,33.66
義竹鄉,2013,卵巢.輸卵管及寬韌帶,0
竹崎鄉,2013,卵巢.輸卵管及寬韌帶,23.79
東區,2013,女性乳房,134.1
西區,2013,女性乳房,169.97
阿里山鄉,2013,女性乳房,0
布袋鎮,2013,女性乳房,83.51
大埔鄉,2013,女性乳房,0
大林鎮,2013,女性乳房,155.99
東石鄉,2013,女性乳房,92.15
番路鄉,2013,女性乳房,0
六腳鄉,2013,女性乳房,117.71
鹿草鄉,2013,女性乳房,0
梅山鄉,2013,女性乳房,238.34
民雄鄉,2013,女性乳房,69.07
朴子市,2013,女性乳房,125.72
水上鄉,2013,女性乳房,120.09
太保市,2013,女性乳房,96.02
溪口鄉,2013,女性乳房,189.07
中埔鄉,2013,女性乳房,99.4
新港鄉,2013,女性乳房,0
義竹鄉,2013,女性乳房,89.58
竹崎鄉,2013,女性乳房,33.16
東區,2013,攝護腺,273.72
西區,2013,攝護腺,253.42
阿里山鄉,2013,攝護腺,295.04
布袋鎮,2013,攝護腺,255.27
大埔鄉,2013,攝護腺,419.21
大林鎮,2013,攝護腺,55.02
東石鄉,2013,攝護腺,276.26
番路鄉,2013,攝護腺,0
六腳鄉,2013,攝護腺,255.9
鹿草鄉,2013,攝護腺,286.94
梅山鄉,2013,攝護腺,294.15
民雄鄉,2013,攝護腺,248.64
朴子市,2013,攝護腺,172.79
水上鄉,2013,攝護腺,362.51
太保市,2013,攝護腺,186.82
溪口鄉,2013,攝護腺,197.2
中埔鄉,2013,攝護腺,131.51
新港鄉,2013,攝護腺,193.57
義竹鄉,2013,攝護腺,169.45
竹崎鄉,2013,攝護腺,228.98
東區,2013,食道,6.56
西區,2013,食道,5.46
阿里山鄉,2013,食道,175.89
布袋鎮,2013,食道,77.19
大埔鄉,2013,食道,0
大林鎮,2013,食道,40.68
東石鄉,2013,食道,31.13
番路鄉,2013,食道,0
六腳鄉,2013,食道,25.36
鹿草鄉,2013,食道,28.01
梅山鄉,2013,食道,0
民雄鄉,2013,食道,42.21
朴子市,2013,食道,65.01
水上鄉,2013,食道,31.36
太保市,2013,食道,0
溪口鄉,2013,食道,59.95
中埔鄉,2013,食道,21.65
新港鄉,2013,食道,0
義竹鄉,2013,食道,40.38
竹崎鄉,2013,食道,35.24
東區,2013,胃,83.13
西區,2013,胃,109.32
阿里山鄉,2013,胃,147.82
布袋鎮,2013,胃,110.72
大埔鄉,2013,胃,0
大林鎮,2013,胃,90.21
東石鄉,2013,胃,60.04
番路鄉,2013,胃,31.63
六腳鄉,2013,胃,32.96
鹿草鄉,2013,胃,84.12
梅山鄉,2013,胃,56.25
民雄鄉,2013,胃,22.72
朴子市,2013,胃,71.27
水上鄉,2013,胃,114.5
太保市,2013,胃,61.57
溪口鄉,2013,胃,29.98
中埔鄉,2013,胃,38.51
新港鄉,2013,胃,25.18
義竹鄉,2013,胃,31.54
竹崎鄉,2013,胃,13.11
東區,2013,胰,51.93
西區,2013,胰,72.8
阿里山鄉,2013,胰,0
布袋鎮,2013,胰,15.63
大埔鄉,2013,胰,0
大林鎮,2013,胰,97.8
東石鄉,2013,胰,46.58
番路鄉,2013,胰,31.63
六腳鄉,2013,胰,36.26
鹿草鄉,2013,胰,17.42
梅山鄉,2013,胰,0
民雄鄉,2013,胰,34.71
朴子市,2013,胰,18.04
水上鄉,2013,胰,47.33
太保市,2013,胰,51.49
溪口鄉,2013,胰,92.19
中埔鄉,2013,胰,74.6
新港鄉,2013,胰,23.41
義竹鄉,2013,胰,0
竹崎鄉,2013,胰,0
東區,2013,直腸與肛門,131.64
西區,2013,直腸與肛門,106.54
阿里山鄉,2013,直腸與肛門,0
布袋鎮,2013,直腸與肛門,79
大埔鄉,2013,直腸與肛門,0
大林鎮,2013,直腸與肛門,138.35
東石鄉,2013,直腸與肛門,163.36
番路鄉,2013,直腸與肛門,131.11
六腳鄉,2013,直腸與肛門,38.53
鹿草鄉,2013,直腸與肛門,168.13
梅山鄉,2013,直腸與肛門,84.63
民雄鄉,2013,直腸與肛門,110.97
朴子市,2013,直腸與肛門,36.42
水上鄉,2013,直腸與肛門,141.09
太保市,2013,直腸與肛門,280.01
溪口鄉,2013,直腸與肛門,132.96
中埔鄉,2013,直腸與肛門,92.87
新港鄉,2013,直腸與肛門,39.32
義竹鄉,2013,直腸與肛門,37.71
竹崎鄉,2013,直腸與肛門,46.31
東區,2013,子宮頸,10.33
西區,2013,子宮頸,16.01
阿里山鄉,2013,子宮頸,0
布袋鎮,2013,子宮頸,0
大埔鄉,2013,子宮頸,0
大林鎮,2013,子宮頸,0
東石鄉,2013,子宮頸,0
番路鄉,2013,子宮頸,0
六腳鄉,2013,子宮頸,17.5
鹿草鄉,2013,子宮頸,0
梅山鄉,2013,子宮頸,0
民雄鄉,2013,子宮頸,30.67
朴子市,2013,子宮頸,0
水上鄉,2013,子宮頸,0
太保市,2013,子宮頸,59.73
溪口鄉,2013,子宮頸,0
中埔鄉,2013,子宮頸,42.74
新港鄉,2013,子宮頸,52.72
義竹鄉,2013,子宮頸,89.58
竹崎鄉,2013,子宮頸,0